comparison,medium,time,agitation,compound,genus,log2FoldChange,stat,padj,sig_padj0.05,sig_padj0.01
GAM_t0_Static_CGA,GAM,0,Static,CGA,Subdoligranulum,-5.903707227814598,-3.597816683715074,0.016847232009723,TRUE,FALSE
GAM_t0_Static_CGA,GAM,0,Static,CGA,Sutterella,-0.8588394756264524,-3.765700845684753,0.016847232009723,TRUE,FALSE
GAM_t0_Static_CGA,GAM,0,Static,CGA,Eggerthella,-5.848110029979553,-3.417696149462478,0.02033908842884321,TRUE,FALSE
GAM_t0_Static_CGA,GAM,0,Static,CGA,Raoultibacter,-5.756536966440589,-3.3616358156149873,0.02033908842884321,TRUE,FALSE
GAM_t0_Static_CGA,GAM,0,Static,CGA,Senegalimassilia,-5.7955022709158035,-3.2354447018423618,0.02550521576845637,TRUE,FALSE
GAM_t0_Static_CGA,GAM,0,Static,CGA,Butyricimonas,-5.529315261125369,-3.175095316449035,0.02621277579434961,TRUE,FALSE
GAM_t0_Static_CGA,GAM,0,Static,CGA,Hydrogenoanaerobacterium,2.0582885022317856,3.1176665307600744,0.02734333942734422,TRUE,FALSE
GAM_t0_Static_CGA,GAM,0,Static,CGA,Sporobacter,-5.453099806982988,-3.070451787861704,0.02805274373626716,TRUE,FALSE
GAM_t0_Static_CGA,GAM,0,Static,CGA,Collinsella,-1.3107249106594625,-3.0308434916819165,0.0284516892052392,TRUE,FALSE
GAM_t0_Static_CGA,GAM,0,Static,CGA,Megasphaera,-5.341507266341237,-2.9448565716908917,0.03392596249640801,TRUE,FALSE
GAM_t0_Static_CGA,GAM,0,Static,CGA,Phocaeicola,-0.5390176822702816,-2.8786306922231,0.038125094361914,TRUE,FALSE
GAM_t0_Static_CGA,GAM,0,Static,CGA,Duodenibacillus,-5.206403341375687,-2.7463675587579863,0.04264084931972579,TRUE,FALSE
GAM_t0_Static_CGA,GAM,0,Static,CGA,Hespellia,1.462408330222122,2.771463994402756,0.04264084931972579,TRUE,FALSE
GAM_t0_Static_CGA,GAM,0,Static,CGA,Massilimicrobiota,-5.143035717632808,-2.7428122746941317,0.04264084931972579,TRUE,FALSE
GAM_t0_Static_CGA,GAM,0,Static,CGA,Mitsuokella,-5.2308713578922665,-2.7531697965740944,0.04264084931972579,TRUE,FALSE
GAM_t0_Static_CGA,GAM,0,Static,CGA,Mogibacterium,-4.975424834745582,-2.5646630496540173,0.06777490333535935,FALSE,FALSE
GAM_t0_Static_CGA,GAM,0,Static,CGA,Parabacteroides,-0.7171032763435053,-2.4069238582285144,0.0993641163072119,FALSE,FALSE
GAM_t0_Static_CGA,GAM,0,Static,CGA,Bacteroides,-0.3627338271621741,-1.910712062679769,0.30105212402351467,FALSE,FALSE
GAM_t0_Static_CGA,GAM,0,Static,CGA,Bifidobacterium,2.3268860677780157,1.864592057767231,0.3111930348374265,FALSE,FALSE
GAM_t0_Static_CGA,GAM,0,Static,CGA,Hungateiclostridium,0.5870570235815892,1.787576939775894,0.35243865052475976,FALSE,FALSE
GAM_t0_Static_CGA,GAM,0,Static,CGA,Ruminococcus,0.3776322774502539,1.7379937372583305,0.35967713819197383,FALSE,FALSE
GAM_t0_Static_CGA,GAM,0,Static,CGA,Coprococcus,-0.17157763352519623,-1.6898047219860557,0.3679420531719132,FALSE,FALSE
GAM_t0_Static_CGA,GAM,0,Static,CGA,Acidaminococcus,-0.670129508995649,-1.5164044516930106,0.4330415421624138,FALSE,FALSE
GAM_t0_Static_CGA,GAM,0,Static,CGA,Blautia,-0.17607181423860932,-1.5063608496299126,0.4330415421624138,FALSE,FALSE
GAM_t0_Static_CGA,GAM,0,Static,CGA,Faecalibacterium,-0.1251681119918447,-1.407273449187577,0.4831633379308724,FALSE,FALSE
GAM_t0_Static_CGA,GAM,0,Static,CGA,Ihubacter,-4.635300594625826,-1.401534005749025,0.4831633379308724,FALSE,FALSE
GAM_t0_Static_CGA,GAM,0,Static,CGA,Alistipes,-0.4586500991817642,-1.2954339102234596,0.5528420717962437,FALSE,FALSE
GAM_t0_Static_CGA,GAM,0,Static,CGA,Catenibacterium,-0.4295392328879389,-1.3104044424379828,0.5528420717962437,FALSE,FALSE
GAM_t0_Static_CGA,GAM,0,Static,CGA,Pseudoflavonifractor,-4.286407064038905,-1.2262190532673332,0.5637123555556506,FALSE,FALSE
GAM_t0_Static_CGA,GAM,0,Static,CGA,Erysipelatoclostridium,-1.2374481275093057,-1.1530536246999608,0.5681147685822745,FALSE,FALSE
GAM_t0_Static_CGA,GAM,0,Static,CGA,Clostridium,-0.2331189031644492,-0.5553312168902246,0.8576160092140445,FALSE,FALSE
GAM_t0_Static_CGA,GAM,0,Static,CGA,Faecalimonas,-0.10029543609764356,-0.4630468632969154,0.8888122569272922,FALSE,FALSE
GAM_t0_Static_CGA,GAM,0,Static,CGA,Mediterraneibacter,-0.0549292837605702,-0.381544226688108,0.9460761967123754,FALSE,FALSE
GAM_t0_Static_CGA,GAM,0,Static,CGA,Adlercreutzia,-0.1898452638876604,-0.35580139374353387,0.9578534919158976,FALSE,FALSE
GAM_t0_Static_CGA,GAM,0,Static,CGA,Dorea,-0.01772327876716928,-0.09392794945570691,0.9619830807964584,FALSE,FALSE
GAM_t0_Static_CGA,GAM,0,Static,CGA,Faecalicatena,-0.01454808814608426,-0.0910088531679592,0.9619830807964584,FALSE,FALSE
GAM_t0_Static_CGA,GAM,0,Static,CGA,Faecalitalea,-0.0974276026045928,-0.08440514734628124,0.9619830807964584,FALSE,FALSE
GAM_t0_Static_CGA,GAM,0,Static,CGA,Prevotella,-0.05311618872704941,-0.29624277459601367,0.9619830807964584,FALSE,FALSE
GAM_t0_Stirred_CGA,GAM,0,Stirred,CGA,Phocaeicola,0.5099289634468559,4.387012497988254,0.00127559189600234,TRUE,TRUE
GAM_t0_Stirred_CGA,GAM,0,Stirred,CGA,Alistipes,0.7293779302219213,4.108549453106818,0.00147316223351561,TRUE,TRUE
GAM_t0_Stirred_CGA,GAM,0,Stirred,CGA,Dorea,-0.435312649020119,-4.196596047098813,0.00147316223351561,TRUE,TRUE
GAM_t0_Stirred_CGA,GAM,0,Stirred,CGA,Parabacteroides,0.6081429375756948,3.9133220930719586,0.0025262206074073,TRUE,TRUE
GAM_t0_Stirred_CGA,GAM,0,Stirred,CGA,Coprococcus,-0.3167694678401517,-3.2146439303509298,0.02899462524107356,TRUE,FALSE
GAM_t0_Stirred_CGA,GAM,0,Stirred,CGA,Prevotella,0.3753003183755006,3.119349475250095,0.03353140603511025,TRUE,FALSE
GAM_t0_Stirred_CGA,GAM,0,Stirred,CGA,Erysipelatoclostridium,1.0560911467383858,2.7261902900217123,0.08889719310554653,FALSE,FALSE
GAM_t0_Stirred_CGA,GAM,0,Stirred,CGA,Bifidobacterium,0.736986369166324,2.4393840287743624,0.18145199726604003,FALSE,FALSE
GAM_t0_Stirred_CGA,GAM,0,Stirred,CGA,Ruminococcus,-0.3413651683396752,-2.1120354573676545,0.32082152550866966,FALSE,FALSE
GAM_t0_Stirred_CGA,GAM,0,Stirred,CGA,Clostridium,0.5381926298807591,2.02692506932012,0.338312747712293,FALSE,FALSE
GAM_t0_Stirred_CGA,GAM,0,Stirred,CGA,Collinsella,-0.668094902857752,-1.9667720438834593,0.3641502771198962,FALSE,FALSE
GAM_t0_Stirred_CGA,GAM,0,Stirred,CGA,Raoultibacter,5.656545582446057,1.866221634530239,0.4048911965572952,FALSE,FALSE
GAM_t0_Stirred_CGA,GAM,0,Stirred,CGA,Bacteroides,0.18987836903305944,1.7080693795842523,0.4867689140465925,FALSE,FALSE
GAM_t0_Stirred_CGA,GAM,0,Stirred,CGA,Catenibacterium,0.5111757235150742,1.6387971318986967,0.5101809405094809,FALSE,FALSE
GAM_t0_Stirred_CGA,GAM,0,Stirred,CGA,Massilimicrobiota,5.155430387661315,1.5937045194417503,0.5101809405094809,FALSE,FALSE
GAM_t0_Stirred_CGA,GAM,0,Stirred,CGA,Hungateiclostridium,-0.4603460608312034,-1.4108355982846297,0.6193838657568226,FALSE,FALSE
GAM_t0_Stirred_CGA,GAM,0,Stirred,CGA,Mitsuokella,2.1864225199292138,1.3885335334030853,0.6193838657568226,FALSE,FALSE
GAM_t0_Stirred_CGA,GAM,0,Stirred,CGA,Senegalimassilia,-0.7580949544259719,-1.2651885513932493,0.6718886984647834,FALSE,FALSE
GAM_t0_Stirred_CGA,GAM,0,Stirred,CGA,Duodenibacillus,1.8251911711964184,1.1042362538959185,0.7253554435698669,FALSE,FALSE
GAM_t0_Stirred_CGA,GAM,0,Stirred,CGA,Eggerthella,1.8388863033949088,1.1152312460619782,0.7253554435698669,FALSE,FALSE
GAM_t0_Stirred_CGA,GAM,0,Stirred,CGA,Enterorhabdus,-4.140449602361796,-1.0492501175259834,0.7253554435698669,FALSE,FALSE
GAM_t0_Stirred_CGA,GAM,0,Stirred,CGA,Faecalitalea,1.1835268005973152,1.137739864330728,0.7253554435698669,FALSE,FALSE
GAM_t0_Stirred_CGA,GAM,0,Stirred,CGA,Acidaminococcus,-0.28988555240105,-0.9568749335565956,0.751759453738903,FALSE,FALSE
GAM_t0_Stirred_CGA,GAM,0,Stirred,CGA,Mogibacterium,-3.9526542114542664,-1.0002958271933502,0.751759453738903,FALSE,FALSE
GAM_t0_Stirred_CGA,GAM,0,Stirred,CGA,Sporobacter,1.642541589485402,0.981939592960662,0.751759453738903,FALSE,FALSE
GAM_t0_Stirred_CGA,GAM,0,Stirred,CGA,Hydrogenoanaerobacterium,1.8194752930137164,0.7253247302682762,0.8436463810420662,FALSE,FALSE
GAM_t0_Stirred_CGA,GAM,0,Stirred,CGA,Subdoligranulum,0.7097656456868348,0.587344448043947,0.8551869567744479,FALSE,FALSE
GAM_t0_Stirred_CGA,GAM,0,Stirred,CGA,Sutterella,0.1283114521313183,0.5634106135486983,0.8597329674187981,FALSE,FALSE
GAM_t0_Stirred_CGA,GAM,0,Stirred,CGA,Hespellia,0.9852596681605622,0.5173774418892455,0.8648544513662729,FALSE,FALSE
GAM_t0_Stirred_CGA,GAM,0,Stirred,CGA,Ihubacter,1.3102318951119745,0.5133084694879823,0.8648544513662729,FALSE,FALSE
GAM_t0_Stirred_CGA,GAM,0,Stirred,CGA,Megasphaera,1.213336319989032,0.46724877976546864,0.8996927927697801,FALSE,FALSE
GAM_t0_Stirred_CGA,GAM,0,Stirred,CGA,Adlercreutzia,-0.15754116845921007,-0.3398385563123701,0.9009343226243112,FALSE,FALSE
GAM_t0_Stirred_CGA,GAM,0,Stirred,CGA,Blautia,0.0308465831846895,0.38412843516038125,0.9009343226243112,FALSE,FALSE
GAM_t0_Stirred_CGA,GAM,0,Stirred,CGA,Faecalibacterium,-0.0265079902224129,-0.31415161884719517,0.9009343226243112,FALSE,FALSE
GAM_t0_Stirred_CGA,GAM,0,Stirred,CGA,Faecalimonas,-0.0686071426245333,-0.3660110556791637,0.9009343226243112,FALSE,FALSE
GAM_t0_Stirred_CGA,GAM,0,Stirred,CGA,Mediterraneibacter,-0.04490755172206732,-0.43898353001070745,0.9009343226243112,FALSE,FALSE
GAM_t0_Stirred_CGA,GAM,0,Stirred,CGA,Faecalicatena,-0.0392339353365599,-0.25515267465604236,0.9265072276492508,FALSE,FALSE
GAM_t0_Stirred_CGA,GAM,0,Stirred,CGA,Butyricimonas,0.8786467410756703,0.2364795882730117,0.9277866067498604,FALSE,FALSE
GAM_t0_Stirred_CGA,GAM,0,Stirred,CGA,Pseudoflavonifractor,-0.7355128984276691,-0.1947636006135233,0.9385916011507864,FALSE,FALSE
GAM_t24_Static_CGA,GAM,24,Static,CGA,Faecalibacterium,0.5221715110762457,5.714581874530682,1.2756994530782112e-6,TRUE,TRUE
GAM_t24_Static_CGA,GAM,24,Static,CGA,Butyricimonas,-7.1766058963354205,-4.881280774966002,4.075429891985255e-5,TRUE,TRUE
GAM_t24_Static_CGA,GAM,24,Static,CGA,Faecalitalea,7.103815278053007,4.899713129521847,4.075429891985255e-5,TRUE,TRUE
GAM_t24_Static_CGA,GAM,24,Static,CGA,Alistipes,-0.9050034579047304,-4.310976425210993,4.7135218217895326e-4,TRUE,TRUE
GAM_t24_Static_CGA,GAM,24,Static,CGA,Enterorhabdus,-6.0585246457574256,-3.8503247026884817,0.00273670294365896,TRUE,TRUE
GAM_t24_Static_CGA,GAM,24,Static,CGA,Mediterraneibacter,0.3502482255978978,3.468854124908547,0.01010520802817136,TRUE,FALSE
GAM_t24_Static_CGA,GAM,24,Static,CGA,Adlercreutzia,-0.6827261636712165,-3.2371943841588933,0.02000356322909852,TRUE,FALSE
GAM_t24_Static_CGA,GAM,24,Static,CGA,Collinsella,-1.0115481709140208,-2.885551131827912,0.05665570297722894,FALSE,FALSE
GAM_t24_Static_CGA,GAM,24,Static,CGA,Faecalicatena,0.4211209419660035,2.6504606376821847,0.08924423631390592,FALSE,FALSE
GAM_t24_Static_CGA,GAM,24,Static,CGA,Catenibacterium,0.500474500338618,2.1041815602279614,0.27347086934352327,FALSE,FALSE
GAM_t24_Static_CGA,GAM,24,Static,CGA,Faecalimonas,0.5528132309885248,2.0406396017936914,0.2993283055024012,FALSE,FALSE
GAM_t24_Static_CGA,GAM,24,Static,CGA,Pseudoflavonifractor,-0.6168052769006818,-1.588003286141861,0.5663099626531448,FALSE,FALSE
GAM_t24_Static_CGA,GAM,24,Static,CGA,Hespellia,0.6293412824249813,1.4183485978496542,0.6989830159749777,FALSE,FALSE
GAM_t24_Static_CGA,GAM,24,Static,CGA,Hungateiclostridium,-0.7080647651379551,-1.3692360658418825,0.6989830159749777,FALSE,FALSE
GAM_t24_Static_CGA,GAM,24,Static,CGA,Mogibacterium,-0.22327196523047615,-1.3394887300075549,0.6989830159749777,FALSE,FALSE
GAM_t24_Static_CGA,GAM,24,Static,CGA,Ruminococcus,0.20395597339834615,1.3698931902820424,0.6989830159749777,FALSE,FALSE
GAM_t24_Static_CGA,GAM,24,Static,CGA,Blautia,0.1017690698509958,1.1683700185986383,0.7906116516712495,FALSE,FALSE
GAM_t24_Static_CGA,GAM,24,Static,CGA,Parabacteroides,-0.2613440515700765,-1.2384741476625325,0.7906116516712495,FALSE,FALSE
GAM_t24_Static_CGA,GAM,24,Static,CGA,Subdoligranulum,-4.287271121086541,-1.0909441523100225,0.7983626268055551,FALSE,FALSE
GAM_t24_Static_CGA,GAM,24,Static,CGA,Prevotella,0.20511992402490797,1.0619693618405304,0.815535437745441,FALSE,FALSE
GAM_t24_Static_CGA,GAM,24,Static,CGA,Coprococcus,0.0853809110980169,1.0259640497786475,0.820400331332533,FALSE,FALSE
GAM_t24_Static_CGA,GAM,24,Static,CGA,Sutterella,0.12523376075680326,0.9497691865767828,0.8449936258739122,FALSE,FALSE
GAM_t24_Static_CGA,GAM,24,Static,CGA,Megasphaera,0.48442556261634306,0.8929739640050165,0.8986885294658358,FALSE,FALSE
GAM_t24_Static_CGA,GAM,24,Static,CGA,Eggerthella,-0.2983246728192269,-0.8758008489544511,0.9008241118536094,FALSE,FALSE
GAM_t24_Static_CGA,GAM,24,Static,CGA,Mitsuokella,0.8537641744144115,0.7503870704008728,0.9008241118536094,FALSE,FALSE
GAM_t24_Static_CGA,GAM,24,Static,CGA,Senegalimassilia,-0.4130247777736574,-0.8524112038784881,0.9008241118536094,FALSE,FALSE
GAM_t24_Static_CGA,GAM,24,Static,CGA,Bacteroides,-0.08368390988868198,-0.5637556778693836,0.9535455716417652,FALSE,FALSE
GAM_t24_Static_CGA,GAM,24,Static,CGA,Sporobacter,-0.7310752794841731,-0.6206975571805683,0.9535455716417652,FALSE,FALSE
GAM_t24_Static_CGA,GAM,24,Static,CGA,Acidaminococcus,0.04656894702564779,0.5107556722950054,0.9604671464838896,FALSE,FALSE
GAM_t24_Static_CGA,GAM,24,Static,CGA,Hydrogenoanaerobacterium,-1.1116875285898886,-0.42522724518006233,0.9604671464838896,FALSE,FALSE
GAM_t24_Static_CGA,GAM,24,Static,CGA,Massilimicrobiota,0.96830995669193,0.36034094366011354,0.9751915264286138,FALSE,FALSE
GAM_t24_Static_CGA,GAM,24,Static,CGA,Phocaeicola,-0.05680127013623987,-0.35835028641560834,0.9751915264286138,FALSE,FALSE
GAM_t24_Static_CGA,GAM,24,Static,CGA,Bifidobacterium,0.0503372671493895,0.05924732128337433,0.9923504048696306,FALSE,FALSE
GAM_t24_Static_CGA,GAM,24,Static,CGA,Clostridium,-0.07369523997339118,-0.29862957267920603,0.9923504048696306,FALSE,FALSE
GAM_t24_Static_CGA,GAM,24,Static,CGA,Dorea,0.02605779713128235,0.23902707771880904,0.9923504048696306,FALSE,FALSE
GAM_t24_Static_CGA,GAM,24,Static,CGA,Duodenibacillus,0.11203900896940017,0.25271570641072677,0.9923504048696306,FALSE,FALSE
GAM_t24_Static_CGA,GAM,24,Static,CGA,Erysipelatoclostridium,0.6140916879181921,0.30280017997468145,0.9923504048696306,FALSE,FALSE
GAM_t24_Static_CGA,GAM,24,Static,CGA,Ihubacter,0.03068619922511764,0.0810165759856066,0.9923504048696306,FALSE,FALSE
GAM_t24_Stirred_CGA,GAM,24,Stirred,CGA,Ruminococcus,-0.8765526488097182,-7.20597932469996,6.973005846746268e-11,TRUE,TRUE
GAM_t24_Stirred_CGA,GAM,24,Stirred,CGA,Citrobacter,-21.54290919756197,-5.5098968828195645,2.172216025995999e-6,TRUE,TRUE
GAM_t24_Stirred_CGA,GAM,24,Stirred,CGA,Prevotella,-0.6114016970475491,-2.653695762792243,0.30645019852009847,FALSE,FALSE
GAM_t24_Stirred_CGA,GAM,24,Stirred,CGA,Dorea,0.19008981860206725,2.235294775185599,0.6146316692104367,FALSE,FALSE
GAM_t24_Stirred_CGA,GAM,24,Stirred,CGA,Acidaminococcus,0.18547698056439063,1.876361317422512,0.7333287580902328,FALSE,FALSE
GAM_t24_Stirred_CGA,GAM,24,Stirred,CGA,Hespellia,1.0133389092842937,2.0172770990152773,0.7333287580902328,FALSE,FALSE
GAM_t24_Stirred_CGA,GAM,24,Stirred,CGA,Adlercreutzia,0.02091009406138665,0.08728814501546064,0.9851288186241598,FALSE,FALSE
GAM_t24_Stirred_CGA,GAM,24,Stirred,CGA,Alistipes,0.05607989229403761,0.34902679085732424,0.9851288186241598,FALSE,FALSE
GAM_t24_Stirred_CGA,GAM,24,Stirred,CGA,Bacteroides,-0.01115427318176913,-0.08518345544514516,0.9851288186241598,FALSE,FALSE
GAM_t24_Stirred_CGA,GAM,24,Stirred,CGA,Bifidobacterium,1.4497154907167622,1.2123016400277609,0.9851288186241598,FALSE,FALSE
GAM_t24_Stirred_CGA,GAM,24,Stirred,CGA,Blautia,0.07112490939887947,0.6152756519058036,0.9851288186241598,FALSE,FALSE
GAM_t24_Stirred_CGA,GAM,24,Stirred,CGA,Butyricimonas,-0.16274415632159825,-0.15563641612966128,0.9851288186241598,FALSE,FALSE
GAM_t24_Stirred_CGA,GAM,24,Stirred,CGA,Catenibacterium,-0.05767504370452561,-0.1956371621424148,0.9851288186241598,FALSE,FALSE
GAM_t24_Stirred_CGA,GAM,24,Stirred,CGA,Clostridium,0.15124722684030936,0.8193347080956416,0.9851288186241598,FALSE,FALSE
GAM_t24_Stirred_CGA,GAM,24,Stirred,CGA,Collinsella,0.2756797987883649,0.9546593528249012,0.9851288186241598,FALSE,FALSE
GAM_t24_Stirred_CGA,GAM,24,Stirred,CGA,Coprococcus,0.01973917719006747,0.22735317302734367,0.9851288186241598,FALSE,FALSE
GAM_t24_Stirred_CGA,GAM,24,Stirred,CGA,Duodenibacillus,0.33261781766063364,0.27930078757743365,0.9851288186241598,FALSE,FALSE
GAM_t24_Stirred_CGA,GAM,24,Stirred,CGA,Eggerthella,0.07938724006268677,0.1866084672769282,0.9851288186241598,FALSE,FALSE
GAM_t24_Stirred_CGA,GAM,24,Stirred,CGA,Enterorhabdus,-0.4688260431607475,-0.2426798683365126,0.9851288186241598,FALSE,FALSE
GAM_t24_Stirred_CGA,GAM,24,Stirred,CGA,Erysipelatoclostridium,-0.2108321589619218,-0.12275671322042124,0.9851288186241598,FALSE,FALSE
GAM_t24_Stirred_CGA,GAM,24,Stirred,CGA,Faecalibacterium,0.08212076527623291,0.8420725286611377,0.9851288186241598,FALSE,FALSE
GAM_t24_Stirred_CGA,GAM,24,Stirred,CGA,Faecalicatena,0.09805163042683802,0.851824911988595,0.9851288186241598,FALSE,FALSE
GAM_t24_Stirred_CGA,GAM,24,Stirred,CGA,Faecalimonas,0.00753334296738192,0.07126179155557126,0.9851288186241598,FALSE,FALSE
GAM_t24_Stirred_CGA,GAM,24,Stirred,CGA,Faecalitalea,1.494020665876158,0.4244714315761646,0.9851288186241598,FALSE,FALSE
GAM_t24_Stirred_CGA,GAM,24,Stirred,CGA,Hungateiclostridium,-0.19871939932095775,-0.5177934570498364,0.9851288186241598,FALSE,FALSE
GAM_t24_Stirred_CGA,GAM,24,Stirred,CGA,Hydrogenoanaerobacterium,0.4513505890067295,0.16781625527202862,0.9851288186241598,FALSE,FALSE
GAM_t24_Stirred_CGA,GAM,24,Stirred,CGA,Ihubacter,-0.25593667146604976,-0.6467749801654067,0.9851288186241598,FALSE,FALSE
GAM_t24_Stirred_CGA,GAM,24,Stirred,CGA,Massilimicrobiota,-0.3774376745849832,-0.09977907735756054,0.9851288186241598,FALSE,FALSE
GAM_t24_Stirred_CGA,GAM,24,Stirred,CGA,Mediterraneibacter,0.00744202367234142,0.10204588812398496,0.9851288186241598,FALSE,FALSE
GAM_t24_Stirred_CGA,GAM,24,Stirred,CGA,Megasphaera,-0.2908470128961961,-0.24413334723115415,0.9851288186241598,FALSE,FALSE
GAM_t24_Stirred_CGA,GAM,24,Stirred,CGA,Mitsuokella,-0.6966679820867385,-0.5179746467728972,0.9851288186241598,FALSE,FALSE
GAM_t24_Stirred_CGA,GAM,24,Stirred,CGA,Mogibacterium,-0.02388721693853025,-0.16589565826618397,0.9851288186241598,FALSE,FALSE
GAM_t24_Stirred_CGA,GAM,24,Stirred,CGA,Parabacteroides,0.05991516083570807,0.4698603169339009,0.9851288186241598,FALSE,FALSE
GAM_t24_Stirred_CGA,GAM,24,Stirred,CGA,Phocaeicola,0.14681722533895647,0.8231826101957432,0.9851288186241598,FALSE,FALSE
GAM_t24_Stirred_CGA,GAM,24,Stirred,CGA,Pseudoflavonifractor,-0.0755151274854878,-0.2973579556644935,0.9851288186241598,FALSE,FALSE
GAM_t24_Stirred_CGA,GAM,24,Stirred,CGA,Raoultibacter,4.816825721537667,1.2279544129636333,0.9851288186241598,FALSE,FALSE
GAM_t24_Stirred_CGA,GAM,24,Stirred,CGA,Senegalimassilia,0.33475025482582205,1.3691214898704278,0.9851288186241598,FALSE,FALSE
GAM_t24_Stirred_CGA,GAM,24,Stirred,CGA,Sporobacter,-0.4355445664701064,-1.1978959459893233,0.9851288186241598,FALSE,FALSE
GAM_t24_Stirred_CGA,GAM,24,Stirred,CGA,Subdoligranulum,-0.9927417509195968,-0.2633785151486029,0.9851288186241598,FALSE,FALSE
GAM_t24_Stirred_CGA,GAM,24,Stirred,CGA,Sutterella,0.03889865546715903,0.26341224734734453,0.9851288186241598,FALSE,FALSE
GAM_t48_Static_CGA,GAM,48,Static,CGA,Senegalimassilia,0.9312660743496188,2.6776519963549723,0.5381787229160415,FALSE,FALSE
GAM_t48_Static_CGA,GAM,48,Static,CGA,Adlercreutzia,0.5588849839665325,1.6503543783820536,0.9409384835306104,FALSE,FALSE
GAM_t48_Static_CGA,GAM,48,Static,CGA,Bacteroides,0.3566442184695893,1.3789211577110163,0.9409384835306104,FALSE,FALSE
GAM_t48_Static_CGA,GAM,48,Static,CGA,Catenibacterium,0.5887938439372894,1.2002143657922164,0.9409384835306104,FALSE,FALSE
GAM_t48_Static_CGA,GAM,48,Static,CGA,Collinsella,0.9871190576426276,2.0673376009490476,0.9409384835306104,FALSE,FALSE
GAM_t48_Static_CGA,GAM,48,Static,CGA,Coprococcus,0.0931386633813533,1.2445404450439983,0.9409384835306104,FALSE,FALSE
GAM_t48_Static_CGA,GAM,48,Static,CGA,Dorea,0.10115862910270738,0.9217748316704036,0.9409384835306104,FALSE,FALSE
GAM_t48_Static_CGA,GAM,48,Static,CGA,Duodenibacillus,4.052550596248075,1.0302452026651825,0.9409384835306104,FALSE,FALSE
GAM_t48_Static_CGA,GAM,48,Static,CGA,Eggerthella,1.1618943159347968,1.0201977300116445,0.9409384835306104,FALSE,FALSE
GAM_t48_Static_CGA,GAM,48,Static,CGA,Erysipelatoclostridium,4.437205100554372,1.129826543693558,0.9409384835306104,FALSE,FALSE
GAM_t48_Static_CGA,GAM,48,Static,CGA,Faecalitalea,2.775304925180331,1.6944539286793263,0.9409384835306104,FALSE,FALSE
GAM_t48_Static_CGA,GAM,48,Static,CGA,Phocaeicola,0.27603070574332106,1.3758932168974296,0.9409384835306104,FALSE,FALSE
GAM_t48_Static_CGA,GAM,48,Static,CGA,Prevotella,0.3640864512337776,1.4600930398526049,0.9409384835306104,FALSE,FALSE
GAM_t48_Static_CGA,GAM,48,Static,CGA,Sutterella,0.4651876526366304,1.5323619531337724,0.9409384835306104,FALSE,FALSE
GAM_t48_Static_CGA,GAM,48,Static,CGA,Acidaminococcus,0.07025469469275251,0.5538892077149945,0.980316529532648,FALSE,FALSE
GAM_t48_Static_CGA,GAM,48,Static,CGA,Alistipes,0.2897479541806877,0.8393021899854222,0.980316529532648,FALSE,FALSE
GAM_t48_Static_CGA,GAM,48,Static,CGA,Faecalibacterium,0.20977524002458897,0.7209645961038786,0.980316529532648,FALSE,FALSE
GAM_t48_Static_CGA,GAM,48,Static,CGA,Faecalimonas,-0.14471355812230832,-0.6716793644558787,0.980316529532648,FALSE,FALSE
GAM_t48_Static_CGA,GAM,48,Static,CGA,Hespellia,0.3854752546013704,0.7495530770258211,0.980316529532648,FALSE,FALSE
GAM_t48_Static_CGA,GAM,48,Static,CGA,Mogibacterium,-0.11331907610622252,-0.7051136914082823,0.980316529532648,FALSE,FALSE
GAM_t48_Static_CGA,GAM,48,Static,CGA,Pseudoflavonifractor,-0.16255679255056757,-0.5151360751403723,0.980316529532648,FALSE,FALSE
GAM_t48_Static_CGA,GAM,48,Static,CGA,Sporobacter,-0.2062520054073736,-0.7790192882105187,0.980316529532648,FALSE,FALSE
GAM_t48_Static_CGA,GAM,48,Static,CGA,Clostridium,0.24144659178513417,0.46540445358921567,0.9825203284510444,FALSE,FALSE
GAM_t48_Static_CGA,GAM,48,Static,CGA,Raoultibacter,1.282774789314571,0.46517291405103534,0.9825203284510444,FALSE,FALSE
GAM_t48_Static_CGA,GAM,48,Static,CGA,Enterorhabdus,0.6828218181509603,0.3633953422837319,0.9868539534035894,FALSE,FALSE
GAM_t48_Static_CGA,GAM,48,Static,CGA,Hungateiclostridium,0.12336502585066304,0.377403488222223,0.9868539534035894,FALSE,FALSE
GAM_t48_Static_CGA,GAM,48,Static,CGA,Mediterraneibacter,0.05180950830800491,0.34920766287726407,0.9868539534035894,FALSE,FALSE
GAM_t48_Static_CGA,GAM,48,Static,CGA,Parabacteroides,0.08067263668112301,0.34222447793345234,0.9868539534035894,FALSE,FALSE
GAM_t48_Static_CGA,GAM,48,Static,CGA,Ihubacter,-0.16197610766575862,-0.3091478507385198,0.998871527398299,FALSE,FALSE
GAM_t48_Static_CGA,GAM,48,Static,CGA,Bifidobacterium,-0.32967402768470877,-0.2882517903705127,0.9990987429869592,FALSE,FALSE
GAM_t48_Static_CGA,GAM,48,Static,CGA,Blautia,-0.01873026444886349,-0.17359131086931923,0.9990987429869592,FALSE,FALSE
GAM_t48_Static_CGA,GAM,48,Static,CGA,Massilimicrobiota,0.7085475145365656,0.25260899023693945,0.9990987429869592,FALSE,FALSE
GAM_t48_Static_CGA,GAM,48,Static,CGA,Megasphaera,-0.03509782593301346,-0.16696172128638476,0.9990987429869592,FALSE,FALSE
GAM_t48_Static_CGA,GAM,48,Static,CGA,Mitsuokella,-0.5262031871966015,-0.1845231083727108,0.9990987429869592,FALSE,FALSE
GAM_t48_Static_CGA,GAM,48,Static,CGA,Subdoligranulum,-0.3698890943077323,-0.20155147136095103,0.9990987429869592,FALSE,FALSE
GAM_t48_Static_CGA,GAM,48,Static,CGA,Butyricimonas,0.00243673912372863,8.453544422224658e-4,0.9993255048224796,FALSE,FALSE
GAM_t48_Static_CGA,GAM,48,Static,CGA,Faecalicatena,0.01078679782762728,0.08064195086197208,0.9993255048224796,FALSE,FALSE
GAM_t48_Static_CGA,GAM,48,Static,CGA,Hydrogenoanaerobacterium,0.0324250769669396,0.01087460286153733,0.9993255048224796,FALSE,FALSE
GAM_t48_Static_CGA,GAM,48,Static,CGA,Ruminococcus,0.00654538772165673,0.05264968034996718,0.9993255048224796,FALSE,FALSE
GAM_t48_Stirred_CGA,GAM,48,Stirred,CGA,Erysipelatoclostridium,-6.932353072648745,-4.227673672702674,0.00316400675849834,TRUE,TRUE
GAM_t48_Stirred_CGA,GAM,48,Stirred,CGA,Ruminococcus,-0.8214486936373719,-3.7623737932962382,0.01127665249391446,TRUE,FALSE
GAM_t48_Stirred_CGA,GAM,48,Stirred,CGA,Bifidobacterium,-2.9787445039542213,-3.5324211522870472,0.01839252732702409,TRUE,FALSE
GAM_t48_Stirred_CGA,GAM,48,Stirred,CGA,Megasphaera,-1.4245304112185069,-3.355223478484699,0.02656579927030969,TRUE,FALSE
GAM_t48_Stirred_CGA,GAM,48,Stirred,CGA,Senegalimassilia,1.1136714905522516,2.537571126911167,0.24929512501615345,FALSE,FALSE
GAM_t48_Stirred_CGA,GAM,48,Stirred,CGA,Collinsella,1.1553595833903985,2.2097529632255464,0.3678289643039293,FALSE,FALSE
GAM_t48_Stirred_CGA,GAM,48,Stirred,CGA,Eggerthella,1.01865485517921,1.9671517678169417,0.5490171689622716,FALSE,FALSE
GAM_t48_Stirred_CGA,GAM,48,Stirred,CGA,Adlercreutzia,0.6375071888261868,1.658523010871396,0.6893900362127489,FALSE,FALSE
GAM_t48_Stirred_CGA,GAM,48,Stirred,CGA,Blautia,-0.1310159831508016,-1.221030046677265,0.7266046738039931,FALSE,FALSE
GAM_t48_Stirred_CGA,GAM,48,Stirred,CGA,Catenibacterium,-0.6600474395011453,-1.1311780625653682,0.7266046738039931,FALSE,FALSE
GAM_t48_Stirred_CGA,GAM,48,Stirred,CGA,Clostridium,0.3129054412503824,0.8928807607818672,0.7266046738039931,FALSE,FALSE
GAM_t48_Stirred_CGA,GAM,48,Stirred,CGA,Dorea,0.14726337976076215,0.9267308851334356,0.7266046738039931,FALSE,FALSE
GAM_t48_Stirred_CGA,GAM,48,Stirred,CGA,Duodenibacillus,-1.2097442904137838,-1.04943965963424,0.7266046738039931,FALSE,FALSE
GAM_t48_Stirred_CGA,GAM,48,Stirred,CGA,Enterorhabdus,2.138543994521643,0.8359698177668035,0.7266046738039931,FALSE,FALSE
GAM_t48_Stirred_CGA,GAM,48,Stirred,CGA,Faecalibacterium,-0.17835949570756526,-1.31540840101371,0.7266046738039931,FALSE,FALSE
GAM_t48_Stirred_CGA,GAM,48,Stirred,CGA,Faecalicatena,-0.1699857677044451,-0.9484929104849554,0.7266046738039931,FALSE,FALSE
GAM_t48_Stirred_CGA,GAM,48,Stirred,CGA,Faecalimonas,-0.21982757091208688,-1.063415054720707,0.7266046738039931,FALSE,FALSE
GAM_t48_Stirred_CGA,GAM,48,Stirred,CGA,Faecalitalea,-1.584196856099754,-0.8989178176723438,0.7266046738039931,FALSE,FALSE
GAM_t48_Stirred_CGA,GAM,48,Stirred,CGA,Massilimicrobiota,-1.4939610486611192,-0.8328174486069561,0.7266046738039931,FALSE,FALSE
GAM_t48_Stirred_CGA,GAM,48,Stirred,CGA,Mediterraneibacter,-0.16959972149653624,-1.2478782187625297,0.7266046738039931,FALSE,FALSE
GAM_t48_Stirred_CGA,GAM,48,Stirred,CGA,Mitsuokella,-3.3614713638542155,-0.8521691217305746,0.7266046738039931,FALSE,FALSE
GAM_t48_Stirred_CGA,GAM,48,Stirred,CGA,Pseudoflavonifractor,0.20858522320004128,0.7688681465414063,0.7441309225923167,FALSE,FALSE
GAM_t48_Stirred_CGA,GAM,48,Stirred,CGA,Alistipes,0.2643117092712634,0.6538200747376577,0.791955689923752,FALSE,FALSE
GAM_t48_Stirred_CGA,GAM,48,Stirred,CGA,Hespellia,-0.40135239224383273,-0.6382533182102693,0.791955689923752,FALSE,FALSE
GAM_t48_Stirred_CGA,GAM,48,Stirred,CGA,Hungateiclostridium,-0.25392204312032046,-0.5980650553958492,0.791955689923752,FALSE,FALSE
GAM_t48_Stirred_CGA,GAM,48,Stirred,CGA,Ihubacter,0.16165767559538752,0.5874132518598659,0.791955689923752,FALSE,FALSE
GAM_t48_Stirred_CGA,GAM,48,Stirred,CGA,Parabacteroides,0.1822139263076222,0.5681479802773147,0.791955689923752,FALSE,FALSE
GAM_t48_Stirred_CGA,GAM,48,Stirred,CGA,Phocaeicola,0.1961811810913121,0.5952228122282923,0.791955689923752,FALSE,FALSE
GAM_t48_Stirred_CGA,GAM,48,Stirred,CGA,Sporobacter,0.16944588700740526,0.6034905950385245,0.791955689923752,FALSE,FALSE
GAM_t48_Stirred_CGA,GAM,48,Stirred,CGA,Subdoligranulum,-1.194628271081393,-0.6411021225582166,0.791955689923752,FALSE,FALSE
GAM_t48_Stirred_CGA,GAM,48,Stirred,CGA,Acidaminococcus,0.02367847171358657,0.3051170527818889,0.8724302177294901,FALSE,FALSE
GAM_t48_Stirred_CGA,GAM,48,Stirred,CGA,Coprococcus,0.0420087640371711,0.31180985339843,0.8724302177294901,FALSE,FALSE
GAM_t48_Stirred_CGA,GAM,48,Stirred,CGA,Raoultibacter,0.885389180797281,0.2348855394038145,0.9037847552291682,FALSE,FALSE
GAM_t48_Stirred_CGA,GAM,48,Stirred,CGA,Mogibacterium,0.03622076924351581,0.19416058752276472,0.9142799923433148,FALSE,FALSE
GAM_t48_Stirred_CGA,GAM,48,Stirred,CGA,Prevotella,-0.3297930801024542,-0.1694293305022079,0.9277719993217496,FALSE,FALSE
GAM_t48_Stirred_CGA,GAM,48,Stirred,CGA,Hydrogenoanaerobacterium,-0.3452871025145841,-0.12840746206321488,0.9511409775708212,FALSE,FALSE
GAM_t48_Stirred_CGA,GAM,48,Stirred,CGA,Sutterella,-0.03615396730689093,-0.12382415181302184,0.9511409775708212,FALSE,FALSE
GAM_t48_Stirred_CGA,GAM,48,Stirred,CGA,Butyricimonas,0.1226042476711442,0.06402967014057452,0.985727477961484,FALSE,FALSE
GAM_t48_Stirred_CGA,GAM,48,Stirred,CGA,Bacteroides,-0.00657125121849,-0.02334682709074263,0.9950247257351724,FALSE,FALSE
Schaedler_t0_Static_CGA,Schaedler,0,Static,CGA,Blautia,-0.20162889144058715,-4.7785355863783865,1.0830117387532532e-4,TRUE,TRUE
Schaedler_t0_Static_CGA,Schaedler,0,Static,CGA,Hydrogenoanaerobacterium,-6.941800252526774,-4.72035159050026,1.0830117387532532e-4,TRUE,TRUE
Schaedler_t0_Static_CGA,Schaedler,0,Static,CGA,Acidaminococcus,-1.1550710529609294,-3.204240352390741,0.03164597843694397,TRUE,FALSE
Schaedler_t0_Static_CGA,Schaedler,0,Static,CGA,Bacteroides,0.30092517396995433,3.1996570318920896,0.03164597843694397,TRUE,FALSE
Schaedler_t0_Static_CGA,Schaedler,0,Static,CGA,Sutterella,-1.4541214187581677,-3.1210497052995994,0.03315820105601694,TRUE,FALSE
Schaedler_t0_Static_CGA,Schaedler,0,Static,CGA,Phocaeicola,0.15849707831590618,2.6939038078777577,0.09281557033824274,FALSE,FALSE
Schaedler_t0_Static_CGA,Schaedler,0,Static,CGA,Mediterraneibacter,-0.2798801857006433,-2.6273495691090445,0.09896081319035684,FALSE,FALSE
Schaedler_t0_Static_CGA,Schaedler,0,Static,CGA,Coprococcus,-0.2923614112470284,-2.3542961061625896,0.14227663184823391,FALSE,FALSE
Schaedler_t0_Static_CGA,Schaedler,0,Static,CGA,Ruminococcus,0.39481851934281575,2.4564243418655693,0.14227663184823391,FALSE,FALSE
Schaedler_t0_Static_CGA,Schaedler,0,Static,CGA,Alistipes,0.476348794436707,2.0359164018136733,0.2955234653099628,FALSE,FALSE
Schaedler_t0_Static_CGA,Schaedler,0,Static,CGA,Mitsuokella,-0.8025923717591834,-1.8968629385002944,0.35610642172744333,FALSE,FALSE
Schaedler_t0_Static_CGA,Schaedler,0,Static,CGA,Prevotella,0.12191529006501764,1.814030725312174,0.35610642172744333,FALSE,FALSE
Schaedler_t0_Static_CGA,Schaedler,0,Static,CGA,Senegalimassilia,5.631219391054745,1.8503565945464355,0.35610642172744333,FALSE,FALSE
Schaedler_t0_Static_CGA,Schaedler,0,Static,CGA,Parabacteroides,0.2071533749379471,1.533590560713195,0.5755998950214062,FALSE,FALSE
Schaedler_t0_Static_CGA,Schaedler,0,Static,CGA,Subdoligranulum,2.2700873271174875,1.4173353098393902,0.6255396651663517,FALSE,FALSE
Schaedler_t0_Static_CGA,Schaedler,0,Static,CGA,Dorea,-0.20943732635758797,-1.2052802027682097,0.6589444812363536,FALSE,FALSE
Schaedler_t0_Static_CGA,Schaedler,0,Static,CGA,Eggerthella,-4.446444531308484,-1.1314925425146067,0.6589444812363536,FALSE,FALSE
Schaedler_t0_Static_CGA,Schaedler,0,Static,CGA,Faecalicatena,-0.15107285134980822,-1.1623392025123789,0.6589444812363536,FALSE,FALSE
Schaedler_t0_Static_CGA,Schaedler,0,Static,CGA,Faecalitalea,0.7425836627109058,1.2075913746225369,0.6589444812363536,FALSE,FALSE
Schaedler_t0_Static_CGA,Schaedler,0,Static,CGA,Ihubacter,4.863695468554585,1.2395287017242058,0.6589444812363536,FALSE,FALSE
Schaedler_t0_Static_CGA,Schaedler,0,Static,CGA,Hungateiclostridium,0.3894697181677653,1.0801589688248991,0.6606812426109514,FALSE,FALSE
Schaedler_t0_Static_CGA,Schaedler,0,Static,CGA,Bifidobacterium,-0.7371061094160969,-0.9405073460671745,0.798001981654819,FALSE,FALSE
Schaedler_t0_Static_CGA,Schaedler,0,Static,CGA,Adlercreutzia,0.571685705681871,0.5023324912794347,0.8026194728812626,FALSE,FALSE
Schaedler_t0_Static_CGA,Schaedler,0,Static,CGA,Catenibacterium,0.1134800233768553,0.5326928606822402,0.8026194728812626,FALSE,FALSE
Schaedler_t0_Static_CGA,Schaedler,0,Static,CGA,Clostridium,0.22076892655884992,0.6801380388514024,0.8026194728812626,FALSE,FALSE
Schaedler_t0_Static_CGA,Schaedler,0,Static,CGA,Collinsella,0.13726292064440582,0.5661936270162269,0.8026194728812626,FALSE,FALSE
Schaedler_t0_Static_CGA,Schaedler,0,Static,CGA,Faecalimonas,-0.11419774771890076,-0.8156500120410882,0.8026194728812626,FALSE,FALSE
Schaedler_t0_Static_CGA,Schaedler,0,Static,CGA,Hespellia,1.0600932774430103,0.5619258674161727,0.8026194728812626,FALSE,FALSE
Schaedler_t0_Static_CGA,Schaedler,0,Static,CGA,Megasphaera,-0.3145234042937793,-0.6044891958691964,0.8026194728812626,FALSE,FALSE
Schaedler_t0_Static_CGA,Schaedler,0,Static,CGA,Massilimicrobiota,1.3964809000445568,0.3703824474748501,0.8562686829407394,FALSE,FALSE
Schaedler_t0_Static_CGA,Schaedler,0,Static,CGA,Erysipelatoclostridium,-0.03369509149813091,-0.05554322323503286,0.9810129252785508,FALSE,FALSE
Schaedler_t0_Static_CGA,Schaedler,0,Static,CGA,Faecalibacterium,0.00284390931870527,0.03716964544237206,0.9810129252785508,FALSE,FALSE
Schaedler_t0_Static_CGA,Schaedler,0,Static,CGA,Sporobacter,4.176069688950934,1.061478590969423,NA,FALSE,FALSE
Schaedler_t0_Stirred_CGA,Schaedler,0,Stirred,CGA,Bifidobacterium,-3.171447878743923,-5.304696789462195,8.915974157286745e-6,TRUE,TRUE
Schaedler_t0_Stirred_CGA,Schaedler,0,Stirred,CGA,Acidaminococcus,-0.15299257476260764,-0.11518056660722076,0.9807141232154504,FALSE,FALSE
Schaedler_t0_Stirred_CGA,Schaedler,0,Stirred,CGA,Alistipes,-0.0643240602973946,-0.05317429902157982,0.9807141232154504,FALSE,FALSE
Schaedler_t0_Stirred_CGA,Schaedler,0,Stirred,CGA,Bacteroides,0.07954241697999773,0.05341534652125349,0.9807141232154504,FALSE,FALSE
Schaedler_t0_Stirred_CGA,Schaedler,0,Stirred,CGA,Blautia,-0.13472862299183294,-1.1149999522361835,0.9807141232154504,FALSE,FALSE
Schaedler_t0_Stirred_CGA,Schaedler,0,Stirred,CGA,Catenibacterium,-0.01949076012251734,-0.07142034912919955,0.9807141232154504,FALSE,FALSE
Schaedler_t0_Stirred_CGA,Schaedler,0,Stirred,CGA,Clostridium,-0.25339733548511695,-0.4403089951676495,0.9807141232154504,FALSE,FALSE
Schaedler_t0_Stirred_CGA,Schaedler,0,Stirred,CGA,Collinsella,-0.03989670785998007,-0.07317832913953255,0.9807141232154504,FALSE,FALSE
Schaedler_t0_Stirred_CGA,Schaedler,0,Stirred,CGA,Coprococcus,0.04639084622208526,0.1593082834723639,0.9807141232154504,FALSE,FALSE
Schaedler_t0_Stirred_CGA,Schaedler,0,Stirred,CGA,Dorea,0.19659724035104112,0.5385547449724615,0.9807141232154504,FALSE,FALSE
Schaedler_t0_Stirred_CGA,Schaedler,0,Stirred,CGA,Erysipelatoclostridium,1.0670936981440304,0.435394552390906,0.9807141232154504,FALSE,FALSE
Schaedler_t0_Stirred_CGA,Schaedler,0,Stirred,CGA,Faecalibacterium,0.28336478302010154,1.7362659709919217,0.9807141232154504,FALSE,FALSE
Schaedler_t0_Stirred_CGA,Schaedler,0,Stirred,CGA,Faecalicatena,-0.12699894655989288,-0.3740512113439305,0.9807141232154504,FALSE,FALSE
Schaedler_t0_Stirred_CGA,Schaedler,0,Stirred,CGA,Faecalimonas,-0.05831853683115393,-0.10833166861035189,0.9807141232154504,FALSE,FALSE
Schaedler_t0_Stirred_CGA,Schaedler,0,Stirred,CGA,Faecalitalea,1.2920075935496198,0.4866669404827525,0.9807141232154504,FALSE,FALSE
Schaedler_t0_Stirred_CGA,Schaedler,0,Stirred,CGA,Hespellia,0.639261260378295,0.24150400447127365,0.9807141232154504,FALSE,FALSE
Schaedler_t0_Stirred_CGA,Schaedler,0,Stirred,CGA,Hungateiclostridium,-0.7044847046628049,-0.4231657887195403,0.9807141232154504,FALSE,FALSE
Schaedler_t0_Stirred_CGA,Schaedler,0,Stirred,CGA,Hydrogenoanaerobacterium,3.9998825259367776,1.0188597883315214,0.9807141232154504,FALSE,FALSE
Schaedler_t0_Stirred_CGA,Schaedler,0,Stirred,CGA,Mediterraneibacter,-0.04657711624209796,-0.223185944274134,0.9807141232154504,FALSE,FALSE
Schaedler_t0_Stirred_CGA,Schaedler,0,Stirred,CGA,Megasphaera,0.8854867753139493,0.35077455186571405,0.9807141232154504,FALSE,FALSE
Schaedler_t0_Stirred_CGA,Schaedler,0,Stirred,CGA,Mitsuokella,-0.04291221840657755,-0.03292172371362462,0.9807141232154504,FALSE,FALSE
Schaedler_t0_Stirred_CGA,Schaedler,0,Stirred,CGA,Parabacteroides,-0.35125871751897625,-0.564241085888168,0.9807141232154504,FALSE,FALSE
Schaedler_t0_Stirred_CGA,Schaedler,0,Stirred,CGA,Phocaeicola,-0.1496850301065933,-0.6920106529345417,0.9807141232154504,FALSE,FALSE
Schaedler_t0_Stirred_CGA,Schaedler,0,Stirred,CGA,Prevotella,-0.1994952494970946,-1.1720441915010205,0.9807141232154504,FALSE,FALSE
Schaedler_t0_Stirred_CGA,Schaedler,0,Stirred,CGA,Ruminococcus,0.18189099789959867,0.4268223497036823,0.9807141232154504,FALSE,FALSE
Schaedler_t0_Stirred_CGA,Schaedler,0,Stirred,CGA,Sutterella,-0.3595981995033072,-0.19446808307786936,0.9807141232154504,FALSE,FALSE
Schaedler_t24_Static_CGA,Schaedler,24,Static,CGA,Acidaminococcus,-0.9949501134054162,-3.229618598573568,0.08924792961419425,FALSE,FALSE
Schaedler_t24_Static_CGA,Schaedler,24,Static,CGA,Blautia,0.557962583370755,1.9911383728801868,0.7536591025397369,FALSE,FALSE
Schaedler_t24_Static_CGA,Schaedler,24,Static,CGA,Faecalimonas,4.223616346126254,1.0749278435549805,0.9796694259577916,FALSE,FALSE
Schaedler_t24_Static_CGA,Schaedler,24,Static,CGA,Hydrogenoanaerobacterium,4.0420217888269745,1.027928479007666,0.9796694259577916,FALSE,FALSE
Schaedler_t24_Static_CGA,Schaedler,24,Static,CGA,Megasphaera,-0.5452895397669171,-1.430518831583025,0.9796694259577916,FALSE,FALSE
Schaedler_t24_Static_CGA,Schaedler,24,Static,CGA,Mitsuokella,-0.6429398389172707,-1.3080191524751732,0.9796694259577916,FALSE,FALSE
Schaedler_t24_Static_CGA,Schaedler,24,Static,CGA,Prevotella,0.19890405888265905,1.223402481590643,0.9796694259577916,FALSE,FALSE
Schaedler_t24_Static_CGA,Schaedler,24,Static,CGA,Ruminococcus,0.6427286607808902,1.225808996003081,0.9796694259577916,FALSE,FALSE
Schaedler_t24_Static_CGA,Schaedler,24,Static,CGA,Adlercreutzia,-0.4522655948913342,-0.23440679946923848,0.9831927472181108,FALSE,FALSE
Schaedler_t24_Static_CGA,Schaedler,24,Static,CGA,Alistipes,-0.10790990686315238,-0.2584807824833546,0.9831927472181108,FALSE,FALSE
Schaedler_t24_Static_CGA,Schaedler,24,Static,CGA,Bacteroides,0.04305646022881073,0.13011813520590818,0.9831927472181108,FALSE,FALSE
Schaedler_t24_Static_CGA,Schaedler,24,Static,CGA,Bifidobacterium,-0.5091757995559372,-0.5408208489445891,0.9831927472181108,FALSE,FALSE
Schaedler_t24_Static_CGA,Schaedler,24,Static,CGA,Catenibacterium,0.46976075875023016,0.5297252430555923,0.9831927472181108,FALSE,FALSE
Schaedler_t24_Static_CGA,Schaedler,24,Static,CGA,Clostridium,0.5285787588179306,0.4159875198164899,0.9831927472181108,FALSE,FALSE
Schaedler_t24_Static_CGA,Schaedler,24,Static,CGA,Collinsella,-0.0718182977357855,-0.28560458816050716,0.9831927472181108,FALSE,FALSE
Schaedler_t24_Static_CGA,Schaedler,24,Static,CGA,Coprococcus,0.3277881216439154,0.9497766158390454,0.9831927472181108,FALSE,FALSE
Schaedler_t24_Static_CGA,Schaedler,24,Static,CGA,Dorea,0.993967333030748,0.7879809088130006,0.9831927472181108,FALSE,FALSE
Schaedler_t24_Static_CGA,Schaedler,24,Static,CGA,Eggerthella,-1.4044570358771258,-0.5157872323838084,0.9831927472181108,FALSE,FALSE
Schaedler_t24_Static_CGA,Schaedler,24,Static,CGA,Faecalibacterium,0.1136944685151558,0.7724177558208325,0.9831927472181108,FALSE,FALSE
Schaedler_t24_Static_CGA,Schaedler,24,Static,CGA,Faecalicatena,1.5870183663216797,0.8452453410430824,0.9831927472181108,FALSE,FALSE
Schaedler_t24_Static_CGA,Schaedler,24,Static,CGA,Hungateiclostridium,-0.48058804911373126,-0.1276080325860358,0.9831927472181108,FALSE,FALSE
Schaedler_t24_Static_CGA,Schaedler,24,Static,CGA,Mediterraneibacter,0.41652983172033015,0.8765241683417534,0.9831927472181108,FALSE,FALSE
Schaedler_t24_Static_CGA,Schaedler,24,Static,CGA,Parabacteroides,-0.21935294775273265,-0.5518607487396284,0.9831927472181108,FALSE,FALSE
Schaedler_t24_Static_CGA,Schaedler,24,Static,CGA,Phocaeicola,0.0782544848661244,0.3328889854244997,0.9831927472181108,FALSE,FALSE
Schaedler_t24_Static_CGA,Schaedler,24,Static,CGA,Senegalimassilia,-0.1519321959672749,-0.3398476653156532,0.9831927472181108,FALSE,FALSE
Schaedler_t24_Static_CGA,Schaedler,24,Static,CGA,Sutterella,-0.32187995992162094,-0.5912151018870685,0.9831927472181108,FALSE,FALSE
Schaedler_t24_Stirred_CGA,Schaedler,24,Stirred,CGA,Acidaminococcus,0.4166502322184973,1.8055292590599432,0.9257754373033574,FALSE,FALSE
Schaedler_t24_Stirred_CGA,Schaedler,24,Stirred,CGA,Alistipes,0.6958888698855191,0.7969357223399748,0.9257754373033574,FALSE,FALSE
Schaedler_t24_Stirred_CGA,Schaedler,24,Stirred,CGA,Bacteroides,0.43977368261977734,0.6072970743811815,0.9257754373033574,FALSE,FALSE
Schaedler_t24_Stirred_CGA,Schaedler,24,Stirred,CGA,Bifidobacterium,-0.2582151199457689,-0.9489041595583024,0.9257754373033574,FALSE,FALSE
Schaedler_t24_Stirred_CGA,Schaedler,24,Stirred,CGA,Blautia,-0.15111479384049328,-0.7248488099851549,0.9257754373033574,FALSE,FALSE
Schaedler_t24_Stirred_CGA,Schaedler,24,Stirred,CGA,Catenibacterium,-2.23179075010137,-1.002959495240787,0.9257754373033574,FALSE,FALSE
Schaedler_t24_Stirred_CGA,Schaedler,24,Stirred,CGA,Coprococcus,0.4712409973928881,0.5623989247840068,0.9257754373033574,FALSE,FALSE
Schaedler_t24_Stirred_CGA,Schaedler,24,Stirred,CGA,Dorea,-4.365090462802834,-1.0988967374539522,0.9257754373033574,FALSE,FALSE
Schaedler_t24_Stirred_CGA,Schaedler,24,Stirred,CGA,Eggerthella,3.3333017995890866,0.8470673316213896,0.9257754373033574,FALSE,FALSE
Schaedler_t24_Stirred_CGA,Schaedler,24,Stirred,CGA,Hungateiclostridium,2.2541172116881865,1.22166359341706,0.9257754373033574,FALSE,FALSE
Schaedler_t24_Stirred_CGA,Schaedler,24,Stirred,CGA,Megasphaera,0.1463255442290351,0.8692917021844738,0.9257754373033574,FALSE,FALSE
Schaedler_t24_Stirred_CGA,Schaedler,24,Stirred,CGA,Mitsuokella,1.0934590867126777,1.236818319540495,0.9257754373033574,FALSE,FALSE
Schaedler_t24_Stirred_CGA,Schaedler,24,Stirred,CGA,Parabacteroides,0.651295293927563,0.7922539249957795,0.9257754373033574,FALSE,FALSE
Schaedler_t24_Stirred_CGA,Schaedler,24,Stirred,CGA,Phocaeicola,0.31584468529836196,1.1004780554769076,0.9257754373033574,FALSE,FALSE
Schaedler_t24_Stirred_CGA,Schaedler,24,Stirred,CGA,Ruminococcus,-0.8937350167377816,-1.788532128261583,0.9257754373033574,FALSE,FALSE
Schaedler_t24_Stirred_CGA,Schaedler,24,Stirred,CGA,Senegalimassilia,1.1436179840345315,0.9332378461094684,0.9257754373033574,FALSE,FALSE
Schaedler_t24_Stirred_CGA,Schaedler,24,Stirred,CGA,Sutterella,0.5302073719401245,0.46086360538446014,0.9294050448929976,FALSE,FALSE
Schaedler_t24_Stirred_CGA,Schaedler,24,Stirred,CGA,Clostridium,-0.18246028426920513,-0.18092415936621312,0.9624981927894324,FALSE,FALSE
Schaedler_t24_Stirred_CGA,Schaedler,24,Stirred,CGA,Collinsella,0.1052600751068997,0.19915799682667928,0.9624981927894324,FALSE,FALSE
Schaedler_t24_Stirred_CGA,Schaedler,24,Stirred,CGA,Faecalibacterium,0.04430768246058078,0.15820436658422857,0.9624981927894324,FALSE,FALSE
Schaedler_t24_Stirred_CGA,Schaedler,24,Stirred,CGA,Faecalicatena,0.15458611307415937,0.13708603385209409,0.9624981927894324,FALSE,FALSE
Schaedler_t24_Stirred_CGA,Schaedler,24,Stirred,CGA,Mediterraneibacter,0.13536402225293842,0.12886492485728407,0.9624981927894324,FALSE,FALSE
Schaedler_t24_Stirred_CGA,Schaedler,24,Stirred,CGA,Prevotella,0.09975718697873916,0.35394705382625286,0.9624981927894324,FALSE,FALSE
Schaedler_t24_Stirred_CGA,Schaedler,24,Stirred,CGA,Adlercreutzia,0.01934591523800646,0.00543461966825363,0.9956638222177762,FALSE,FALSE
Schaedler_t48_Static_CGA,Schaedler,48,Static,CGA,Coprococcus,21.042380753478668,5.381490267575827,3.25035472349525e-6,TRUE,TRUE
Schaedler_t48_Static_CGA,Schaedler,48,Static,CGA,Prevotella,3.891572211419049,3.810823472466235,0.00304710225994907,TRUE,TRUE
Schaedler_t48_Static_CGA,Schaedler,48,Static,CGA,Acidaminococcus,0.34206792581962836,3.347681439506922,0.00896396871490388,TRUE,TRUE
Schaedler_t48_Static_CGA,Schaedler,48,Static,CGA,Faecalicatena,10.091644945910415,3.3818346505034578,0.00896396871490388,TRUE,TRUE
Schaedler_t48_Static_CGA,Schaedler,48,Static,CGA,Dorea,8.3942447137238,3.1885263208993093,0.01258399917360624,TRUE,FALSE
Schaedler_t48_Static_CGA,Schaedler,48,Static,CGA,Mediterraneibacter,9.435599474178364,3.022002174183501,0.0184146412708089,TRUE,FALSE
Schaedler_t48_Static_CGA,Schaedler,48,Static,CGA,Faecalimonas,8.939369885841058,2.6957395500218846,0.04414617906495452,TRUE,FALSE
Schaedler_t48_Static_CGA,Schaedler,48,Static,CGA,Blautia,2.3947883261098393,2.5129076964569204,0.05853987805009423,FALSE,FALSE
Schaedler_t48_Static_CGA,Schaedler,48,Static,CGA,Hespellia,7.900866060107125,2.246936319031559,0.09857638874236711,FALSE,FALSE
Schaedler_t48_Static_CGA,Schaedler,48,Static,CGA,Collinsella,-0.5500481039133474,-1.5164218300675123,0.4067256994809257,FALSE,FALSE
Schaedler_t48_Static_CGA,Schaedler,48,Static,CGA,Mitsuokella,0.4904135488926086,1.3507625081641557,0.5090416853883204,FALSE,FALSE
Schaedler_t48_Static_CGA,Schaedler,48,Static,CGA,Faecalibacterium,0.3902224921381974,1.1914004937747786,0.5407285033838369,FALSE,FALSE
Schaedler_t48_Static_CGA,Schaedler,48,Static,CGA,Sutterella,-0.7497676106608614,-1.110709888606072,0.5587858454373346,FALSE,FALSE
Schaedler_t48_Static_CGA,Schaedler,48,Static,CGA,Alistipes,-0.685834504680995,-0.9365629202341036,0.6676204803282514,FALSE,FALSE
Schaedler_t48_Static_CGA,Schaedler,48,Static,CGA,Megasphaera,-0.09135533152362184,-0.8443531748070043,0.7305321468289648,FALSE,FALSE
Schaedler_t48_Static_CGA,Schaedler,48,Static,CGA,Clostridium,-1.0124528767260754,-0.44157462717247103,0.9394397021131372,FALSE,FALSE
Schaedler_t48_Static_CGA,Schaedler,48,Static,CGA,Parabacteroides,-0.20641490603157736,-0.3234815323406368,0.9545210279058636,FALSE,FALSE
Schaedler_t48_Static_CGA,Schaedler,48,Static,CGA,Bacteroides,-0.30797816364556,-0.1957218899150264,0.9674639460479836,FALSE,FALSE
Schaedler_t48_Static_CGA,Schaedler,48,Static,CGA,Catenibacterium,0.30958407657111164,0.12390848907402766,0.9674639460479836,FALSE,FALSE
Schaedler_t48_Static_CGA,Schaedler,48,Static,CGA,Phocaeicola,-0.03063742694160911,-0.04078920413713643,0.9674639460479836,FALSE,FALSE
Schaedler_t48_Static_CGA,Schaedler,48,Static,CGA,Senegalimassilia,0.13734630478819423,0.1775980805955555,0.9674639460479836,FALSE,FALSE
Schaedler_t48_Static_CGA,Schaedler,48,Static,CGA,Adlercreutzia,-3.958613749862568,-1.0073813054903205,NA,FALSE,FALSE
Schaedler_t48_Static_CGA,Schaedler,48,Static,CGA,Bifidobacterium,-1.1926230405898048,-0.7540652937538314,NA,FALSE,FALSE
Schaedler_t48_Static_CGA,Schaedler,48,Static,CGA,Eggerthella,1.1216150571054568,0.29793179818381943,NA,FALSE,FALSE
Schaedler_t48_Static_CGA,Schaedler,48,Static,CGA,Mogibacterium,12.795050482134648,6.27157280437765,NA,FALSE,FALSE
Schaedler_t48_Stirred_CGA,Schaedler,48,Stirred,CGA,Bifidobacterium,3.3305529781341137,4.325484577291735,9.892799640940756e-4,TRUE,TRUE
Schaedler_t48_Stirred_CGA,Schaedler,48,Stirred,CGA,Prevotella,-2.7635337339944113,-3.0856327693536234,0.0660138431283652,FALSE,FALSE
Schaedler_t48_Stirred_CGA,Schaedler,48,Stirred,CGA,Bacteroides,-3.569057401445675,-2.1081727067241687,0.3793405764043049,FALSE,FALSE
Schaedler_t48_Stirred_CGA,Schaedler,48,Stirred,CGA,Clostridium,0.7105911528368446,1.471621709270177,0.6115332592901372,FALSE,FALSE
Schaedler_t48_Stirred_CGA,Schaedler,48,Stirred,CGA,Parabacteroides,-0.8595497038838313,-1.5404347575407336,0.6115332592901372,FALSE,FALSE
Schaedler_t48_Stirred_CGA,Schaedler,48,Stirred,CGA,Ruminococcus,-0.7221294231171834,-1.8380265976038384,0.6115332592901372,FALSE,FALSE
Schaedler_t48_Stirred_CGA,Schaedler,48,Stirred,CGA,Acidaminococcus,0.2271854386463368,1.290642821536324,0.6231187219281974,FALSE,FALSE
Schaedler_t48_Stirred_CGA,Schaedler,48,Stirred,CGA,Adlercreutzia,4.365157539112443,1.1109224725354518,0.6231187219281974,FALSE,FALSE
Schaedler_t48_Stirred_CGA,Schaedler,48,Stirred,CGA,Faecalicatena,-0.7339308847067881,-1.1546115063415638,0.6231187219281974,FALSE,FALSE
Schaedler_t48_Stirred_CGA,Schaedler,48,Stirred,CGA,Phocaeicola,-0.5686309099873361,-1.2818738376043213,0.6231187219281974,FALSE,FALSE
Schaedler_t48_Stirred_CGA,Schaedler,48,Stirred,CGA,Blautia,-1.585082178814878,-0.9420599805343246,0.681834108594694,FALSE,FALSE
Schaedler_t48_Stirred_CGA,Schaedler,48,Stirred,CGA,Mediterraneibacter,0.7374908988083514,0.94358078155544,0.681834108594694,FALSE,FALSE
Schaedler_t48_Stirred_CGA,Schaedler,48,Stirred,CGA,Faecalibacterium,-0.7176249873883072,-0.9212198003227484,0.682377040443036,FALSE,FALSE
Schaedler_t48_Stirred_CGA,Schaedler,48,Stirred,CGA,Hespellia,1.301654551959323,0.8064637093207223,0.7582891424315734,FALSE,FALSE
Schaedler_t48_Stirred_CGA,Schaedler,48,Stirred,CGA,Sutterella,0.23606607069902497,0.7647820571998851,0.78070504603389,FALSE,FALSE
Schaedler_t48_Stirred_CGA,Schaedler,48,Stirred,CGA,Alistipes,-0.3638072754327567,-0.24922850005030428,0.9864687327935115,FALSE,FALSE
Schaedler_t48_Stirred_CGA,Schaedler,48,Stirred,CGA,Catenibacterium,-0.01118671374951725,-0.01723321210578187,0.9864687327935115,FALSE,FALSE
Schaedler_t48_Stirred_CGA,Schaedler,48,Stirred,CGA,Collinsella,0.19374946400005336,0.3460896497312291,0.9864687327935115,FALSE,FALSE
Schaedler_t48_Stirred_CGA,Schaedler,48,Stirred,CGA,Dorea,-0.02819885264668695,-0.04652661976509336,0.9864687327935115,FALSE,FALSE
Schaedler_t48_Stirred_CGA,Schaedler,48,Stirred,CGA,Duodenibacillus,-0.56678696395274,-0.267810843477366,0.9864687327935115,FALSE,FALSE
Schaedler_t48_Stirred_CGA,Schaedler,48,Stirred,CGA,Faecalimonas,0.0580899527051981,0.09735534459767094,0.9864687327935115,FALSE,FALSE
Schaedler_t48_Stirred_CGA,Schaedler,48,Stirred,CGA,Megasphaera,0.05126150216508049,0.31906926336048796,0.9864687327935115,FALSE,FALSE
Schaedler_t48_Stirred_CGA,Schaedler,48,Stirred,CGA,Mitsuokella,-0.19259465997582076,-0.3856264068687273,0.9864687327935115,FALSE,FALSE
Schaedler_t48_Stirred_CGA,Schaedler,48,Stirred,CGA,Mogibacterium,-0.38706798454550506,-0.1514189088644519,0.9864687327935115,FALSE,FALSE
Schaedler_t48_Stirred_CGA,Schaedler,48,Stirred,CGA,Senegalimassilia,-0.4759868685770284,-0.3461010663884048,0.9864687327935115,FALSE,FALSE
mBHI_t0_Static_CGA,mBHI,0,Static,CGA,Bifidobacterium,-2.9836587817713367,-2.5689278657531887,0.6453839694261801,FALSE,FALSE
mBHI_t0_Static_CGA,mBHI,0,Static,CGA,Collinsella,1.1267731786359718,2.535644253773788,0.6453839694261801,FALSE,FALSE
mBHI_t0_Static_CGA,mBHI,0,Static,CGA,Eggerthella,6.444434979433972,2.379990698574543,0.6636678771147957,FALSE,FALSE
mBHI_t0_Static_CGA,mBHI,0,Static,CGA,Acidaminococcus,0.3640299564854084,0.6771425528540778,0.975247380871135,FALSE,FALSE
mBHI_t0_Static_CGA,mBHI,0,Static,CGA,Adlercreutzia,0.30041359338962736,0.5942616562918298,0.975247380871135,FALSE,FALSE
mBHI_t0_Static_CGA,mBHI,0,Static,CGA,Alistipes,-0.04333956264858842,-0.1866649943470761,0.975247380871135,FALSE,FALSE
mBHI_t0_Static_CGA,mBHI,0,Static,CGA,Bacteroides,-0.1044482004042119,-0.6174195467141891,0.975247380871135,FALSE,FALSE
mBHI_t0_Static_CGA,mBHI,0,Static,CGA,Blautia,-0.0815171321200888,-0.99152725502463,0.975247380871135,FALSE,FALSE
mBHI_t0_Static_CGA,mBHI,0,Static,CGA,Butyricimonas,4.312267469822711,1.098382358730957,0.975247380871135,FALSE,FALSE
mBHI_t0_Static_CGA,mBHI,0,Static,CGA,Catenibacterium,-0.13254563053047017,-0.4687329849589872,0.975247380871135,FALSE,FALSE
mBHI_t0_Static_CGA,mBHI,0,Static,CGA,Clostridium,-0.10791975939554682,-0.3895280249916323,0.975247380871135,FALSE,FALSE
mBHI_t0_Static_CGA,mBHI,0,Static,CGA,Coprococcus,-0.11667650699084516,-0.63920608821519,0.975247380871135,FALSE,FALSE
mBHI_t0_Static_CGA,mBHI,0,Static,CGA,Dorea,-0.05744654560162694,-0.2972643482211385,0.975247380871135,FALSE,FALSE
mBHI_t0_Static_CGA,mBHI,0,Static,CGA,Erysipelatoclostridium,-0.4882429712976121,-0.8660211442109824,0.975247380871135,FALSE,FALSE
mBHI_t0_Static_CGA,mBHI,0,Static,CGA,Faecalibacterium,-0.04929621838593203,-0.5385926436309962,0.975247380871135,FALSE,FALSE
mBHI_t0_Static_CGA,mBHI,0,Static,CGA,Faecalicatena,-0.1256980565369187,-0.7911241692564142,0.975247380871135,FALSE,FALSE
mBHI_t0_Static_CGA,mBHI,0,Static,CGA,Faecalimonas,-0.13533035802305998,-0.5854138009993947,0.975247380871135,FALSE,FALSE
mBHI_t0_Static_CGA,mBHI,0,Static,CGA,Faecalitalea,-0.17851256505622976,-0.2568067102603501,0.975247380871135,FALSE,FALSE
mBHI_t0_Static_CGA,mBHI,0,Static,CGA,Hespellia,0.470766918081966,0.34931929656106675,0.975247380871135,FALSE,FALSE
mBHI_t0_Static_CGA,mBHI,0,Static,CGA,Hungateiclostridium,0.08798342771952376,0.2648254513242577,0.975247380871135,FALSE,FALSE
mBHI_t0_Static_CGA,mBHI,0,Static,CGA,Ihubacter,0.5656782840630756,0.21688057227513655,0.975247380871135,FALSE,FALSE
mBHI_t0_Static_CGA,mBHI,0,Static,CGA,Massilimicrobiota,-0.9857620749215958,-0.2602689769565025,0.975247380871135,FALSE,FALSE
mBHI_t0_Static_CGA,mBHI,0,Static,CGA,Mediterraneibacter,-0.1831604228095757,-1.145753501058174,0.975247380871135,FALSE,FALSE
mBHI_t0_Static_CGA,mBHI,0,Static,CGA,Megasphaera,-0.22468222274022473,-0.4032828423781511,0.975247380871135,FALSE,FALSE
mBHI_t0_Static_CGA,mBHI,0,Static,CGA,Mitsuokella,-0.08691875276560744,-0.15923664102466356,0.975247380871135,FALSE,FALSE
mBHI_t0_Static_CGA,mBHI,0,Static,CGA,Mogibacterium,3.762137698963365,0.956101664846042,0.975247380871135,FALSE,FALSE
mBHI_t0_Static_CGA,mBHI,0,Static,CGA,Parabacteroides,-0.31356464251232374,-1.71350618542955,0.975247380871135,FALSE,FALSE
mBHI_t0_Static_CGA,mBHI,0,Static,CGA,Phocaeicola,-0.2094787808994924,-1.4092234370996912,0.975247380871135,FALSE,FALSE
mBHI_t0_Static_CGA,mBHI,0,Static,CGA,Prevotella,-0.12075233036497934,-0.8441891126315153,0.975247380871135,FALSE,FALSE
mBHI_t0_Static_CGA,mBHI,0,Static,CGA,Raoultibacter,-0.5006888800891791,-0.26059736860841065,0.975247380871135,FALSE,FALSE
mBHI_t0_Static_CGA,mBHI,0,Static,CGA,Ruminococcus,-0.17039628217352715,-0.801568194135359,0.975247380871135,FALSE,FALSE
mBHI_t0_Static_CGA,mBHI,0,Static,CGA,Senegalimassilia,5.433772217499091,1.7489016276282057,0.975247380871135,FALSE,FALSE
mBHI_t0_Static_CGA,mBHI,0,Static,CGA,Sporobacter,0.34368365873250384,0.17996930883839451,0.975247380871135,FALSE,FALSE
mBHI_t0_Static_CGA,mBHI,0,Static,CGA,Subdoligranulum,-0.14416443884574,-0.2997807355770915,0.975247380871135,FALSE,FALSE
mBHI_t0_Static_CGA,mBHI,0,Static,CGA,Sutterella,0.4455094194692624,0.9388917878288952,0.975247380871135,FALSE,FALSE
mBHI_t0_Static_CGA,mBHI,0,Static,CGA,Hydrogenoanaerobacterium,0.326568120602905,0.1239619891057228,0.975656377503238,FALSE,FALSE
mBHI_t0_Static_CGA,mBHI,0,Static,CGA,Pseudoflavonifractor,0.21932186888288033,0.0801952966480948,0.975656377503238,FALSE,FALSE
mBHI_t0_Stirred_CGA,mBHI,0,Stirred,CGA,Acidaminococcus,-0.9699545976430122,-0.9704897769358922,0.954921748586594,FALSE,FALSE
mBHI_t0_Stirred_CGA,mBHI,0,Stirred,CGA,Alistipes,0.6010730182681685,1.4467378298153142,0.954921748586594,FALSE,FALSE
mBHI_t0_Stirred_CGA,mBHI,0,Stirred,CGA,Bacteroides,0.1032586675249276,0.7264213262309166,0.954921748586594,FALSE,FALSE
mBHI_t0_Stirred_CGA,mBHI,0,Stirred,CGA,Bifidobacterium,-0.4066417002066437,-1.229014586258357,0.954921748586594,FALSE,FALSE
mBHI_t0_Stirred_CGA,mBHI,0,Stirred,CGA,Blautia,0.07920066459452396,0.8784136661344125,0.954921748586594,FALSE,FALSE
mBHI_t0_Stirred_CGA,mBHI,0,Stirred,CGA,Catenibacterium,0.11740743385209872,0.8598973899838748,0.954921748586594,FALSE,FALSE
mBHI_t0_Stirred_CGA,mBHI,0,Stirred,CGA,Clostridium,-0.2619476856205862,-0.8710475059764118,0.954921748586594,FALSE,FALSE
mBHI_t0_Stirred_CGA,mBHI,0,Stirred,CGA,Dorea,-0.1095978832556848,-1.4645449848916492,0.954921748586594,FALSE,FALSE
mBHI_t0_Stirred_CGA,mBHI,0,Stirred,CGA,Eggerthella,4.154852842482834,1.0565871671133058,0.954921748586594,FALSE,FALSE
mBHI_t0_Stirred_CGA,mBHI,0,Stirred,CGA,Faecalibacterium,-0.07630195459798192,-1.7078489660437022,0.954921748586594,FALSE,FALSE
mBHI_t0_Stirred_CGA,mBHI,0,Stirred,CGA,Massilimicrobiota,3.297133871443241,0.8341342254996702,0.954921748586594,FALSE,FALSE
mBHI_t0_Stirred_CGA,mBHI,0,Stirred,CGA,Mediterraneibacter,-0.08531154372315962,-0.6749677236116959,0.954921748586594,FALSE,FALSE
mBHI_t0_Stirred_CGA,mBHI,0,Stirred,CGA,Parabacteroides,0.1495543732283326,0.9000291050103513,0.954921748586594,FALSE,FALSE
mBHI_t0_Stirred_CGA,mBHI,0,Stirred,CGA,Raoultibacter,4.776384779992396,1.2173983202968488,0.954921748586594,FALSE,FALSE
mBHI_t0_Stirred_CGA,mBHI,0,Stirred,CGA,Ruminococcus,0.12718557054502547,0.7265849875849226,0.954921748586594,FALSE,FALSE
mBHI_t0_Stirred_CGA,mBHI,0,Stirred,CGA,Senegalimassilia,-4.20719149709817,-1.0680924111882109,0.954921748586594,FALSE,FALSE
mBHI_t0_Stirred_CGA,mBHI,0,Stirred,CGA,Sporobacter,3.703110114507364,0.9394897555201536,0.954921748586594,FALSE,FALSE
mBHI_t0_Stirred_CGA,mBHI,0,Stirred,CGA,Subdoligranulum,-0.7992315539095737,-0.6543527941196862,0.954921748586594,FALSE,FALSE
mBHI_t0_Stirred_CGA,mBHI,0,Stirred,CGA,Sutterella,-0.8419287837235557,-0.7065840932230602,0.954921748586594,FALSE,FALSE
mBHI_t0_Stirred_CGA,mBHI,0,Stirred,CGA,Adlercreutzia,-0.2348335075791178,-0.3848130122134978,0.9975260493251852,FALSE,FALSE
mBHI_t0_Stirred_CGA,mBHI,0,Stirred,CGA,Collinsella,-0.110166091795583,-0.4383593003890125,0.9975260493251852,FALSE,FALSE
mBHI_t0_Stirred_CGA,mBHI,0,Stirred,CGA,Coprococcus,-0.00958859131937217,-0.11028913871033852,0.9975260493251852,FALSE,FALSE
mBHI_t0_Stirred_CGA,mBHI,0,Stirred,CGA,Erysipelatoclostridium,0.0671451097078301,0.09908454157426948,0.9975260493251852,FALSE,FALSE
mBHI_t0_Stirred_CGA,mBHI,0,Stirred,CGA,Faecalicatena,-0.00484847680646823,-0.04222334561086711,0.9975260493251852,FALSE,FALSE
mBHI_t0_Stirred_CGA,mBHI,0,Stirred,CGA,Faecalimonas,-0.07411470560941223,-0.45256792328614454,0.9975260493251852,FALSE,FALSE
mBHI_t0_Stirred_CGA,mBHI,0,Stirred,CGA,Faecalitalea,0.6907173181484515,0.2562480309315105,0.9975260493251852,FALSE,FALSE
mBHI_t0_Stirred_CGA,mBHI,0,Stirred,CGA,Hespellia,-0.7407944432521878,-0.1960322203201731,0.9975260493251852,FALSE,FALSE
mBHI_t0_Stirred_CGA,mBHI,0,Stirred,CGA,Hungateiclostridium,0.07568949017641927,0.17216787060234165,0.9975260493251852,FALSE,FALSE
mBHI_t0_Stirred_CGA,mBHI,0,Stirred,CGA,Megasphaera,0.18955810759507297,0.10402078058336876,0.9975260493251852,FALSE,FALSE
mBHI_t0_Stirred_CGA,mBHI,0,Stirred,CGA,Mitsuokella,1.0622820971840643,0.405251623813963,0.9975260493251852,FALSE,FALSE
mBHI_t0_Stirred_CGA,mBHI,0,Stirred,CGA,Phocaeicola,0.01604260669188407,0.10775354052429575,0.9975260493251852,FALSE,FALSE
mBHI_t0_Stirred_CGA,mBHI,0,Stirred,CGA,Prevotella,0.06569074954931756,0.4697314469091134,0.9975260493251852,FALSE,FALSE
mBHI_t0_Stirred_CGA,mBHI,0,Stirred,CGA,Hydrogenoanaerobacterium,-2.145534314751793e-4,-5.681239363478044e-5,0.9999546702682808,FALSE,FALSE
mBHI_t24_Static_CGA,mBHI,24,Static,CGA,Catenibacterium,-1.6206505932799773,-5.664646842251569,1.458543733468009e-6,TRUE,TRUE
mBHI_t24_Static_CGA,mBHI,24,Static,CGA,Pseudoflavonifractor,6.52629358823614,3.917046131798081,0.00443720969729676,TRUE,TRUE
mBHI_t24_Static_CGA,mBHI,24,Static,CGA,Subdoligranulum,5.847826592759014,1.9285955559682464,0.5751637186224089,FALSE,FALSE
mBHI_t24_Static_CGA,mBHI,24,Static,CGA,Hungateiclostridium,5.497070932357209,1.723292781342199,0.6352653592177769,FALSE,FALSE
mBHI_t24_Static_CGA,mBHI,24,Static,CGA,Sutterella,-0.4499224726091754,-1.747581562689352,0.6352653592177769,FALSE,FALSE
mBHI_t24_Static_CGA,mBHI,24,Static,CGA,Collinsella,-0.47585397358468,-1.549095656813256,0.6374961210102041,FALSE,FALSE
mBHI_t24_Static_CGA,mBHI,24,Static,CGA,Dorea,0.16061838135118683,1.5056977268951326,0.6374961210102041,FALSE,FALSE
mBHI_t24_Static_CGA,mBHI,24,Static,CGA,Faecalibacterium,0.2339025910918266,1.5400219017508765,0.6374961210102041,FALSE,FALSE
mBHI_t24_Static_CGA,mBHI,24,Static,CGA,Faecalicatena,0.2116833632236645,1.499915535051615,0.6374961210102041,FALSE,FALSE
mBHI_t24_Static_CGA,mBHI,24,Static,CGA,Acidaminococcus,0.2781090746493883,1.2591223276100532,0.70766161148221,FALSE,FALSE
mBHI_t24_Static_CGA,mBHI,24,Static,CGA,Blautia,0.08119482816839803,1.2294289083285637,0.70766161148221,FALSE,FALSE
mBHI_t24_Static_CGA,mBHI,24,Static,CGA,Butyricimonas,4.395813161660522,1.1199525435891429,0.70766161148221,FALSE,FALSE
mBHI_t24_Static_CGA,mBHI,24,Static,CGA,Clostridium,-0.87761818040531,-1.0671061978370742,0.70766161148221,FALSE,FALSE
mBHI_t24_Static_CGA,mBHI,24,Static,CGA,Coprococcus,0.13360552202787904,1.1146587907802767,0.70766161148221,FALSE,FALSE
mBHI_t24_Static_CGA,mBHI,24,Static,CGA,Erysipelatoclostridium,-4.519219851065955,-1.1486831867334075,0.70766161148221,FALSE,FALSE
mBHI_t24_Static_CGA,mBHI,24,Static,CGA,Ihubacter,-0.5311641765287148,-1.0840346820530349,0.70766161148221,FALSE,FALSE
mBHI_t24_Static_CGA,mBHI,24,Static,CGA,Mogibacterium,-0.4038281975170197,-1.1715506496116224,0.70766161148221,FALSE,FALSE
mBHI_t24_Static_CGA,mBHI,24,Static,CGA,Faecalimonas,0.14943592965767796,0.8867021459279049,0.737031234802121,FALSE,FALSE
mBHI_t24_Static_CGA,mBHI,24,Static,CGA,Parabacteroides,-0.2797757870542119,-0.9463001731118664,0.737031234802121,FALSE,FALSE
mBHI_t24_Static_CGA,mBHI,24,Static,CGA,Senegalimassilia,-0.6439862654989386,-0.8967437632377078,0.737031234802121,FALSE,FALSE
mBHI_t24_Static_CGA,mBHI,24,Static,CGA,Bifidobacterium,-0.7473732092883624,-0.7584466565051439,0.8133906776628088,FALSE,FALSE
mBHI_t24_Static_CGA,mBHI,24,Static,CGA,Phocaeicola,-0.17577241446020325,-0.7827443327787679,0.8133906776628088,FALSE,FALSE
mBHI_t24_Static_CGA,mBHI,24,Static,CGA,Alistipes,-0.31366910276945786,-0.5524906745933188,0.9208819507321454,FALSE,FALSE
mBHI_t24_Static_CGA,mBHI,24,Static,CGA,Bacteroides,0.13940968941289764,0.5182752451846566,0.9208819507321454,FALSE,FALSE
mBHI_t24_Static_CGA,mBHI,24,Static,CGA,Megasphaera,0.33804106828770997,0.41790881165669946,0.9295189608912972,FALSE,FALSE
mBHI_t24_Static_CGA,mBHI,24,Static,CGA,Ruminococcus,-0.13602741863213247,-0.4503861791331814,0.9295189608912972,FALSE,FALSE
mBHI_t24_Static_CGA,mBHI,24,Static,CGA,Eggerthella,0.2100982445140268,0.16394592967406277,0.979372326966731,FALSE,FALSE
mBHI_t24_Static_CGA,mBHI,24,Static,CGA,Hespellia,0.17150056425529234,0.2709934678937405,0.979372326966731,FALSE,FALSE
mBHI_t24_Static_CGA,mBHI,24,Static,CGA,Mediterraneibacter,0.0304164557038459,0.23537467313778104,0.979372326966731,FALSE,FALSE
mBHI_t24_Static_CGA,mBHI,24,Static,CGA,Prevotella,-0.07371580634683973,-0.27933131661331323,0.979372326966731,FALSE,FALSE
mBHI_t24_Static_CGA,mBHI,24,Static,CGA,Adlercreutzia,-0.00162889108941188,-8.176153552383172e-4,0.9993476374040636,FALSE,FALSE
mBHI_t24_Static_CGA,mBHI,24,Static,CGA,Duodenibacillus,-0.04490971549882889,-0.08399598393948408,0.9993476374040636,FALSE,FALSE
mBHI_t24_Stirred_CGA,mBHI,24,Stirred,CGA,Clostridium,6.877466097719073,4.073909922016349,0.00457680647991058,TRUE,TRUE
mBHI_t24_Stirred_CGA,mBHI,24,Stirred,CGA,Acidaminococcus,0.7078252043685622,3.8469721768275864,0.00591953391703834,TRUE,TRUE
mBHI_t24_Stirred_CGA,mBHI,24,Stirred,CGA,Ihubacter,1.0288377985910262,3.7452874334260384,0.00594618279680539,TRUE,TRUE
mBHI_t24_Stirred_CGA,mBHI,24,Stirred,CGA,Hungateiclostridium,6.583694330948922,3.6581897956028793,0.00628657242875077,TRUE,TRUE
mBHI_t24_Stirred_CGA,mBHI,24,Stirred,CGA,Mogibacterium,0.7023446084942403,3.08521416150788,0.04027431523521763,TRUE,FALSE
mBHI_t24_Stirred_CGA,mBHI,24,Stirred,CGA,Prevotella,-0.5203557489487599,-2.984643642473049,0.04684496280552865,TRUE,FALSE
mBHI_t24_Stirred_CGA,mBHI,24,Stirred,CGA,Faecalibacterium,-0.4108800865575076,-2.483807920447755,0.18383720197413833,FALSE,FALSE
mBHI_t24_Stirred_CGA,mBHI,24,Stirred,CGA,Dorea,-0.1417995004231019,-1.9419947235156436,0.34986225562947504,FALSE,FALSE
mBHI_t24_Stirred_CGA,mBHI,24,Stirred,CGA,Bifidobacterium,3.9723217833986935,1.6727499921949345,0.4063847380128208,FALSE,FALSE
mBHI_t24_Stirred_CGA,mBHI,24,Stirred,CGA,Catenibacterium,-1.2087229048009005,-1.7389475377423844,0.4063847380128208,FALSE,FALSE
mBHI_t24_Stirred_CGA,mBHI,24,Stirred,CGA,Ruminococcus,-0.2932146194740717,-1.6778872392935786,0.4063847380128208,FALSE,FALSE
mBHI_t24_Stirred_CGA,mBHI,24,Stirred,CGA,Hespellia,2.294761038161007,1.5719628438635267,0.4591983074269409,FALSE,FALSE
mBHI_t24_Stirred_CGA,mBHI,24,Stirred,CGA,Sutterella,-0.2005149607897861,-1.4622348546173156,0.5346696851631048,FALSE,FALSE
mBHI_t24_Stirred_CGA,mBHI,24,Stirred,CGA,Mediterraneibacter,-0.12960702092912568,-1.3332579242992515,0.566484931264007,FALSE,FALSE
mBHI_t24_Stirred_CGA,mBHI,24,Stirred,CGA,Hydrogenoanaerobacterium,5.1355397321926155,1.3109640839707024,0.5696096944316846,FALSE,FALSE
mBHI_t24_Stirred_CGA,mBHI,24,Stirred,CGA,Adlercreutzia,4.0916211702285885,1.0414961325688872,0.647852900492819,FALSE,FALSE
mBHI_t24_Stirred_CGA,mBHI,24,Stirred,CGA,Faecalitalea,4.46940374744441,1.1391121948942082,0.647852900492819,FALSE,FALSE
mBHI_t24_Stirred_CGA,mBHI,24,Stirred,CGA,Phocaeicola,-0.2244093919886506,-1.1347066868249267,0.647852900492819,FALSE,FALSE
mBHI_t24_Stirred_CGA,mBHI,24,Stirred,CGA,Enterorhabdus,3.830800414862383,0.9740385406742266,0.6540560114494165,FALSE,FALSE
mBHI_t24_Stirred_CGA,mBHI,24,Stirred,CGA,Sporobacter,3.6263630859789617,0.9211307430613488,0.6929653912559398,FALSE,FALSE
mBHI_t24_Stirred_CGA,mBHI,24,Stirred,CGA,Blautia,0.04533062174214136,0.7632064042158941,0.7734858016442716,FALSE,FALSE
mBHI_t24_Stirred_CGA,mBHI,24,Stirred,CGA,Duodenibacillus,-0.7740383755775813,-0.7716390937278091,0.7734858016442716,FALSE,FALSE
mBHI_t24_Stirred_CGA,mBHI,24,Stirred,CGA,Faecalicatena,-0.08969172660326212,-0.7137608633057038,0.7874241918225322,FALSE,FALSE
mBHI_t24_Stirred_CGA,mBHI,24,Stirred,CGA,Megasphaera,0.7609644320166972,0.4567077457053898,0.8667598804086968,FALSE,FALSE
mBHI_t24_Stirred_CGA,mBHI,24,Stirred,CGA,Parabacteroides,0.08506310692202053,0.32282836069376575,0.935894912624148,FALSE,FALSE
mBHI_t24_Stirred_CGA,mBHI,24,Stirred,CGA,Alistipes,-0.05326996990623971,-0.10467506419993206,0.9763336749976356,FALSE,FALSE
mBHI_t24_Stirred_CGA,mBHI,24,Stirred,CGA,Bacteroides,0.02727623871630227,0.1358050776353899,0.9763336749976356,FALSE,FALSE
mBHI_t24_Stirred_CGA,mBHI,24,Stirred,CGA,Faecalimonas,-0.0182774080567392,-0.1174711153933492,0.9763336749976356,FALSE,FALSE
mBHI_t24_Stirred_CGA,mBHI,24,Stirred,CGA,Pseudoflavonifractor,0.09473710584236092,0.14794635414721,0.9763336749976356,FALSE,FALSE
mBHI_t24_Stirred_CGA,mBHI,24,Stirred,CGA,Senegalimassilia,0.08817510472678353,0.11639866867946644,0.9763336749976356,FALSE,FALSE
mBHI_t24_Stirred_CGA,mBHI,24,Stirred,CGA,Collinsella,-0.01477683524605039,-0.06887365786153872,0.9944781087788594,FALSE,FALSE
mBHI_t24_Stirred_CGA,mBHI,24,Stirred,CGA,Eggerthella,0.04481569294405058,0.02768875031841525,0.9944781087788594,FALSE,FALSE
mBHI_t24_Stirred_CGA,mBHI,24,Stirred,CGA,Coprococcus,-2.6793512902826796e-4,-0.00338224402762913,0.9973013648546944,FALSE,FALSE
mBHI_t48_Static_CGA,mBHI,48,Static,CGA,Sutterella,0.3892566397984952,3.614947046739348,0.02974049282363067,TRUE,FALSE
mBHI_t48_Static_CGA,mBHI,48,Static,CGA,Prevotella,0.40842741656562515,2.3285671841011166,0.6970371208583618,FALSE,FALSE
mBHI_t48_Static_CGA,mBHI,48,Static,CGA,Acidaminococcus,0.27616098884738816,1.402302289459212,0.8028411417276867,FALSE,FALSE
mBHI_t48_Static_CGA,mBHI,48,Static,CGA,Alistipes,0.433914921223603,1.3902294124642436,0.8028411417276867,FALSE,FALSE
mBHI_t48_Static_CGA,mBHI,48,Static,CGA,Blautia,-0.15000250234839912,-1.7396918493271687,0.8028411417276867,FALSE,FALSE
mBHI_t48_Static_CGA,mBHI,48,Static,CGA,Collinsella,0.20615355130599156,1.4825680906868597,0.8028411417276867,FALSE,FALSE
mBHI_t48_Static_CGA,mBHI,48,Static,CGA,Eggerthella,0.6409730834163747,1.9871358792664848,0.8028411417276867,FALSE,FALSE
mBHI_t48_Static_CGA,mBHI,48,Static,CGA,Megasphaera,-0.6868891410012229,-1.4522244413927006,0.8028411417276867,FALSE,FALSE
mBHI_t48_Static_CGA,mBHI,48,Static,CGA,Mogibacterium,-0.5340214570896872,-1.5533275193090643,0.8028411417276867,FALSE,FALSE
mBHI_t48_Static_CGA,mBHI,48,Static,CGA,Phocaeicola,0.29713211830638236,1.6197925945322067,0.8028411417276867,FALSE,FALSE
mBHI_t48_Static_CGA,mBHI,48,Static,CGA,Ruminococcus,-0.4988800274470647,-1.3261149970009614,0.8028411417276867,FALSE,FALSE
mBHI_t48_Static_CGA,mBHI,48,Static,CGA,Bacteroides,0.29540360992527054,1.0733033473835136,0.8245061596798614,FALSE,FALSE
mBHI_t48_Static_CGA,mBHI,48,Static,CGA,Catenibacterium,-0.7156581600558982,-1.2714567573713391,0.8245061596798614,FALSE,FALSE
mBHI_t48_Static_CGA,mBHI,48,Static,CGA,Coprococcus,-0.11440375383480904,-1.12646299133976,0.8245061596798614,FALSE,FALSE
mBHI_t48_Static_CGA,mBHI,48,Static,CGA,Parabacteroides,0.2099499586681604,1.2041743092457509,0.8245061596798614,FALSE,FALSE
mBHI_t48_Static_CGA,mBHI,48,Static,CGA,Adlercreutzia,-1.4843531079963528,-0.8294919275161791,0.8498675812171474,FALSE,FALSE
mBHI_t48_Static_CGA,mBHI,48,Static,CGA,Duodenibacillus,0.3623993013012958,0.5852356072615914,0.8498675812171474,FALSE,FALSE
mBHI_t48_Static_CGA,mBHI,48,Static,CGA,Ihubacter,-0.15999321461698512,-0.5952019394060621,0.8498675812171474,FALSE,FALSE
mBHI_t48_Static_CGA,mBHI,48,Static,CGA,Mediterraneibacter,-0.12185575508509534,-0.8130962180100567,0.8498675812171474,FALSE,FALSE
mBHI_t48_Static_CGA,mBHI,48,Static,CGA,Senegalimassilia,-0.6874031309637998,-0.5455761509165585,0.8498675812171474,FALSE,FALSE
mBHI_t48_Static_CGA,mBHI,48,Static,CGA,Subdoligranulum,0.4382767164021905,0.7629115742008972,0.8498675812171474,FALSE,FALSE
mBHI_t48_Static_CGA,mBHI,48,Static,CGA,Hungateiclostridium,-0.8808243922871828,-0.46313122234439486,0.8844966782090229,FALSE,FALSE
mBHI_t48_Static_CGA,mBHI,48,Static,CGA,Bifidobacterium,-0.4101335641028088,-0.41592660323422576,0.8956238405558838,FALSE,FALSE
mBHI_t48_Static_CGA,mBHI,48,Static,CGA,Hespellia,-0.2083944953553212,-0.36861752705066875,0.9280114489707074,FALSE,FALSE
mBHI_t48_Static_CGA,mBHI,48,Static,CGA,Clostridium,-0.45431087732908126,-0.3359851897417194,0.9383154841875796,FALSE,FALSE
mBHI_t48_Static_CGA,mBHI,48,Static,CGA,Faecalicatena,-0.02580754619918005,-0.29536813982859067,0.9383154841875796,FALSE,FALSE
mBHI_t48_Static_CGA,mBHI,48,Static,CGA,Pseudoflavonifractor,-0.1488894479386615,-0.31842746088612905,0.9383154841875796,FALSE,FALSE
mBHI_t48_Static_CGA,mBHI,48,Static,CGA,Sporobacter,0.5036135005836895,0.24804972164301425,0.9476844963981929,FALSE,FALSE
mBHI_t48_Static_CGA,mBHI,48,Static,CGA,Dorea,0.02003232763957994,0.2099433305469728,0.9480488185692912,FALSE,FALSE
mBHI_t48_Static_CGA,mBHI,48,Static,CGA,Faecalibacterium,0.02365149673706346,0.19842819324654895,0.9480488185692912,FALSE,FALSE
mBHI_t48_Static_CGA,mBHI,48,Static,CGA,Faecalimonas,0.03109811019731541,0.2229078279788705,0.9480488185692912,FALSE,FALSE
mBHI_t48_Static_CGA,mBHI,48,Static,CGA,Erysipelatoclostridium,-0.08902642238943924,-0.02370026843865046,0.98699659417749,FALSE,FALSE
mBHI_t48_Stirred_CGA,mBHI,48,Stirred,CGA,Mogibacterium,1.0282386143886408,4.207028801194326,0.00261337677106707,TRUE,TRUE
mBHI_t48_Stirred_CGA,mBHI,48,Stirred,CGA,Faecalibacterium,-0.7027084700511278,-3.8478902784952567,0.00601653904912814,TRUE,TRUE
mBHI_t48_Stirred_CGA,mBHI,48,Stirred,CGA,Acidaminococcus,0.6321595021080202,2.4996594304439212,0.3138896923982337,FALSE,FALSE
mBHI_t48_Stirred_CGA,mBHI,48,Stirred,CGA,Ruminococcus,-0.4366285906059664,-2.143048906401468,0.648605264496861,FALSE,FALSE
mBHI_t48_Stirred_CGA,mBHI,48,Stirred,CGA,Ihubacter,0.6589559102342937,1.9374316270687724,0.6652441215749749,FALSE,FALSE
mBHI_t48_Stirred_CGA,mBHI,48,Stirred,CGA,Catenibacterium,-2.1796462412557984,-1.7205767941549424,0.851048877254209,FALSE,FALSE
mBHI_t48_Stirred_CGA,mBHI,48,Stirred,CGA,Mediterraneibacter,-0.1914544922933673,-1.7605626652669353,0.851048877254209,FALSE,FALSE
mBHI_t48_Stirred_CGA,mBHI,48,Stirred,CGA,Adlercreutzia,0.5538304106252321,0.14472323255090244,0.9539651197794318,FALSE,FALSE
mBHI_t48_Stirred_CGA,mBHI,48,Stirred,CGA,Alistipes,-0.5016244991338245,-0.4929871397660142,0.9539651197794318,FALSE,FALSE
mBHI_t48_Stirred_CGA,mBHI,48,Stirred,CGA,Bacteroides,-0.12232516982819462,-0.2467832593681813,0.9539651197794318,FALSE,FALSE
mBHI_t48_Stirred_CGA,mBHI,48,Stirred,CGA,Bifidobacterium,-0.36568181235288255,-0.32044253089322106,0.9539651197794318,FALSE,FALSE
mBHI_t48_Stirred_CGA,mBHI,48,Stirred,CGA,Blautia,0.08780927350540836,0.6184168291916222,0.9539651197794318,FALSE,FALSE
mBHI_t48_Stirred_CGA,mBHI,48,Stirred,CGA,Collinsella,0.3933336055729236,1.0415340403185644,0.9539651197794318,FALSE,FALSE
mBHI_t48_Stirred_CGA,mBHI,48,Stirred,CGA,Coprococcus,-0.24521263816720543,-1.3388541121288955,0.9539651197794318,FALSE,FALSE
mBHI_t48_Stirred_CGA,mBHI,48,Stirred,CGA,Dorea,-0.2563971669538517,-1.3733363199358388,0.9539651197794318,FALSE,FALSE
mBHI_t48_Stirred_CGA,mBHI,48,Stirred,CGA,Eggerthella,-0.21778775320443575,-0.2209767382811712,0.9539651197794318,FALSE,FALSE
mBHI_t48_Stirred_CGA,mBHI,48,Stirred,CGA,Enterorhabdus,4.813885985213447,1.209992726997668,0.9539651197794318,FALSE,FALSE
mBHI_t48_Stirred_CGA,mBHI,48,Stirred,CGA,Faecalicatena,-0.194095259834134,-1.081043790537532,0.9539651197794318,FALSE,FALSE
mBHI_t48_Stirred_CGA,mBHI,48,Stirred,CGA,Faecalimonas,-0.07085055612075943,-0.4201977845447305,0.9539651197794318,FALSE,FALSE
mBHI_t48_Stirred_CGA,mBHI,48,Stirred,CGA,Hespellia,-0.15405862212544552,-0.1948257746984959,0.9539651197794318,FALSE,FALSE
mBHI_t48_Stirred_CGA,mBHI,48,Stirred,CGA,Hungateiclostridium,-1.327547332893784,-0.8136069530133752,0.9539651197794318,FALSE,FALSE
mBHI_t48_Stirred_CGA,mBHI,48,Stirred,CGA,Megasphaera,0.5444646109919098,0.6349118510249384,0.9539651197794318,FALSE,FALSE
mBHI_t48_Stirred_CGA,mBHI,48,Stirred,CGA,Mitsuokella,-2.0614855467047573,-1.335750544411151,0.9539651197794318,FALSE,FALSE
mBHI_t48_Stirred_CGA,mBHI,48,Stirred,CGA,Parabacteroides,0.104987998735528,0.21728812838862685,0.9539651197794318,FALSE,FALSE
mBHI_t48_Stirred_CGA,mBHI,48,Stirred,CGA,Phocaeicola,0.09582437640605916,0.2151011856625456,0.9539651197794318,FALSE,FALSE
mBHI_t48_Stirred_CGA,mBHI,48,Stirred,CGA,Prevotella,-0.9030243128998114,-0.9776513709062512,0.9539651197794318,FALSE,FALSE
mBHI_t48_Stirred_CGA,mBHI,48,Stirred,CGA,Pseudoflavonifractor,-0.14415147994605568,-0.18244051781677453,0.9539651197794318,FALSE,FALSE
mBHI_t48_Stirred_CGA,mBHI,48,Stirred,CGA,Senegalimassilia,1.0370527474046207,0.6043727839428349,0.9539651197794318,FALSE,FALSE
mBHI_t48_Stirred_CGA,mBHI,48,Stirred,CGA,Subdoligranulum,0.41683563059112766,0.2268055036058564,0.9539651197794318,FALSE,FALSE
mBHI_t48_Stirred_CGA,mBHI,48,Stirred,CGA,Sutterella,0.15102603356498445,0.3510714818231787,0.9539651197794318,FALSE,FALSE
mBHI_t48_Stirred_CGA,mBHI,48,Stirred,CGA,Duodenibacillus,-0.4590826628426893,-0.12071128612265732,0.9610093858203852,FALSE,FALSE
mBHI_t48_Stirred_CGA,mBHI,48,Stirred,CGA,Sporobacter,0.2473547112070664,0.06482529767213095,0.9773430920121066,FALSE,FALSE
mBHI_t48_Stirred_CGA,mBHI,48,Stirred,CGA,Clostridium,-0.6004132972987097,-0.34199772271445394,NA,FALSE,FALSE
